パック名,カード名,クラス,レアリティ
"蒼空の六竜","リーリエ・ライツ","ビショップ","ブロンズレア"
"インフィニティ・エボルヴ","二刀のゴブリン","ニュートラル","ブロンズレア"
"花酔遊戯","達筆の怪異","ニュートラル","ブロンズレア"
"花酔遊戯","大遊戯世界","ニュートラル","ゴールドレア"
"ベーシック","アドベンチャーエルフ・メイ","エルフ","シルバーレア"
"伝説の幕開け","純粋なるウォーターフェアリー","エルフ","シルバーレア"
"アポカリプス・パクト","旧き天槍・ササニド","エルフ","レジェンド"
"ベーシック","虫の知らせ","エルフ","シルバーレア"
"伝説の幕開け","妖精の招集","エルフ","ブロンズレア"
"インフィニティ・エボルヴ","樹上からの急襲","エルフ","シルバーレア"
"絶傑の継承者","駆逐の死矢","エルフ","ゴールドレア"
"蒼空の六竜","綺羅星","エルフ","シルバーレア"
"ベーシック","刹那のクイックブレイダー","ロイヤル","ブロンズレア"
"伝説の幕開け","統率のルミナスナイト","ロイヤル","シルバーレア"
"アポカリプス・パクト","威風の行軍","ロイヤル","シルバーレア"
"アポカリプス・パクト","凄烈の天剣","ロイヤル","ゴールドレア"
"絶傑の継承者","簒奪のアジト","ロイヤル","シルバーレア"
"蒼空の六竜","さすらいの家庭教師・スフラマール","ウィッチ","ブロンズレア"
"花酔遊戯","歩む《愚者》・リンクル","ウィッチ","レジェンド"
"アポカリプス・パクト","天晶の魔手","ウィッチ","ブロンズレア"
"ベーシック","知恵の輝き","ウィッチ","ブロンズレア"
"伝説の幕開け","ストームブラスト","ウィッチ","ブロンズレア"
"花酔遊戯","キティトリック","ウィッチ","シルバーレア"
"アポカリプス・パクト","正常の侵食","ウィッチ","シルバーレア"
"ベーシック","魔女の錬金釜","ウィッチ","ブロンズレア"
"インフィニティ・エボルヴ","飛躍のアイボリードラゴン","ドラゴン","ブロンズレア"
"ベーシック","ドラゴニュートクラッシュ","ドラゴン","ブロンズレア"
"絶傑の継承者","蒼炎の猛威","ドラゴン","ゴールドレア"
"アポカリプス・パクト","赤色流し","ドラゴン","シルバーレア"
"伝説の幕開け","乙姫の扇","ドラゴン","ゴールドレア"
"アポカリプス・パクト","旧き天刀・ヴォーラライ","ドラゴン","レジェンド"
"インフィニティ・エボルヴ","オルカの呼び声","ドラゴン","ブロンズレア"
"蒼空の六竜","クレッセント・チューブ・ライド","ドラゴン","ブロンズレア"
"蒼空の六竜","ラヴマックス・ボンバー","ドラゴン","シルバーレア"
"花酔遊戯","怠惰なる波揺花","ドラゴン","ゴールドレア"
"絶傑の継承者","侮蔑の国","ドラゴン","シルバーレア"
"ベーシック","悪辣のレッサーマミー","ナイトメア","ブロンズレア"
"伝説の幕開け","無名の悪魔","ナイトメア","ブロンズレア"
"伝説の幕開け","辣腕の死神・ミーノ","ナイトメア","シルバーレア"
"伝説の幕開け","ナイトメア・ヴェリィ","ナイトメア","シルバーレア"
"伝説の幕開け","燃え盛る魔剣・オルトロス","ナイトメア","ゴールドレア"
"絶傑の継承者","フレッシュグレイブキーパー","ナイトメア","シルバーレア"
"絶傑の継承者","混融の継承者・シャム＝ナクア","ナイトメア","レジェンド"
"蒼空の六竜","憧憬の鉄槌・アルメイダ","ナイトメア","ブロンズレア"
"花酔遊戯","リリーブウルフ","ナイトメア","ブロンズレア"
"アポカリプス・パクト","渇仰の悪魔","ナイトメア","ブロンズレア"
"ベーシック","カオティックカース","ナイトメア","ブロンズレア"
"ベーシック","魂の捕食","ナイトメア","シルバーレア"
"伝説の幕開け","蛇神の怒り","ナイトメア","ゴールドレア"
"インフィニティ・エボルヴ","カースパーティー","ナイトメア","ブロンズレア"
"インフィニティ・エボルヴ","蝙蝠の使役","ナイトメア","シルバーレア"
"蒼空の六竜","ヴァリアントエッジ","ナイトメア","ブロンズレア"
"花酔遊戯","奥夜花の開戦","ナイトメア","ブロンズレア"
"花酔遊戯","残虐の炸裂","ナイトメア","シルバーレア"
"花酔遊戯","厳酷なる奥夜花","ナイトメア","ゴールドレア"
"絶傑の継承者","混融の城","ナイトメア","シルバーレア"
"ベーシック","清純なる白狐","ビショップ","ブロンズレア"
"伝説の幕開け","潜みしマイニュ","ビショップ","ブロンズレア"
"伝説の幕開け","煌槍のアルミラージ・サリッサ","ビショップ","シルバーレア"
"インフィニティ・エボルヴ","マリスオラクル・ダムス","ビショップ","ブロンズレア"
"絶傑の継承者","安息の肯定者","ビショップ","ブロンズレア"
"絶傑の継承者","聖騎士の団員","ビショップ","ブロンズレア"
"蒼空の六竜","清く正しい修道女・ラムレッダ","ビショップ","ブロンズレア"
"伝説の幕開け","禁密の聖地","ビショップ","シルバーレア"
"伝説の幕開け","獣姫の誓約","ビショップ","ゴールドレア"
"インフィニティ・エボルヴ","光の香炉","ビショップ","ブロンズレア"
"花酔遊戯","プロテクションシェル","ビショップ","シルバーレア"
"アポカリプス・パクト","汚濁の聖水","ビショップ","ブロンズレア"
"アポカリプス・パクト","救済の聖典","ビショップ","シルバーレア"
"ベーシック","マリオネットランサー","ネメシス","ブロンズレア"
"ベーシック","エレクトロウィッパー","ネメシス","シルバーレア"
"伝説の幕開け","アンストッパブルガンナー","ネメシス","ブロンズレア"
"伝説の幕開け","愛執のドールユーザー","ネメシス","シルバーレア"
"インフィニティ・エボルヴ","ハートスローター・フィア","ネメシス","シルバーレア"
"インフィニティ・エボルヴ","暗獄の残光・ジャスパー","ネメシス","ゴールドレア"
"絶傑の継承者","破壊の祈祷者","ネメシス","シルバーレア"
"蒼空の六竜","爆燃の総長・ツバサ","ネメシス","ブロンズレア"
"蒼空の六竜","報恩の技師・アイザック","ネメシス","ブロンズレア"
"花酔遊戯","清宵の偶兎","ネメシス","シルバーレア"
"花酔遊戯","尽小花・イマリ","ネメシス","レジェンド"
"アポカリプス・パクト","旧き天斧・ヨグゼンタ","ネメシス","レジェンド"
"伝説の幕開け","命の奔流","ネメシス","シルバーレア"
"絶傑の継承者","殲滅の歌声","ネメシス","ゴールドレア"
"アポカリプス・パクト","天斧授与","ネメシス","ブロンズレア"
"ベーシック","ドールズシアター","ネメシス","シルバーレア"
"インフィニティ・エボルヴ","アーティファクトカタパルト","ネメシス","ブロンズレア"
"絶傑の継承者","破壊の荒野","ネメシス","シルバーレア"
"ベーシック","煌響の使者・アンリエット","ニュートラル","シルバーレア"
"伝説の幕開け","観察の探偵","ニュートラル","ブロンズレア"
"伝説の幕開け","迸る光明・アポロン","ニュートラル","シルバーレア"
"インフィニティ・エボルヴ","颶風の天業・グリームニル","ニュートラル","レジェンド"
"絶傑の継承者","勇気に満ちし者","ニュートラル","ゴールドレア"
"絶傑の継承者","干絶の顕現・ギルネリーゼ","ニュートラル","レジェンド"
"蒼空の六竜","コスモスの御使い・ユニ","ニュートラル","シルバーレア"
"伝説の幕開け","熾天使の福音","ニュートラル","シルバーレア"
"ベーシック","冒険者のギルド","ニュートラル","シルバーレア"
"絶傑の継承者","試練の石板","ニュートラル","ゴールドレア"
"アポカリプス・パクト","侵略されし世界","ニュートラル","シルバーレア"
"伝説の幕開け","コンタクトフェアリー","エルフ","ブロンズレア"
"伝説の幕開け","働きバッタ","エルフ","ブロンズレア"
"伝説の幕開け","殺戮のリノセウス","エルフ","ゴールドレア"
"伝説の幕開け","ビギンズブレイダー・アマツ","エルフ","レジェンド"
"インフィニティ・エボルヴ","ワイルドガール","エルフ","ブロンズレア"
"花酔遊戯","虫風花・ミロク","エルフ","レジェンド"
"アポカリプス・パクト","パラダイスモンキー","エルフ","ブロンズレア"
"伝説の幕開け","薫交の思慕","エルフ","シルバーレア"
"花酔遊戯","静かなる応援","エルフ","シルバーレア"
"花酔遊戯","優雅なる虫風花","エルフ","ゴールドレア"
"アポカリプス・パクト","慈愛の天槍","エルフ","ゴールドレア"
"伝説の幕開け","聖樹の杖","エルフ","ゴールドレア"
"絶傑の継承者","不殺の里","エルフ","シルバーレア"
"ベーシック","魔煌のトリックスター・ラスティ","ロイヤル","シルバーレア"
"伝説の幕開け","愛の騎士・イアン","ロイヤル","ブロンズレア"
"伝説の幕開け","救援のルミナスヒーラー・リララ","ロイヤル","ブロンズレア"
"伝説の幕開け","ミリタリードッグ","ロイヤル","ブロンズレア"
"伝説の幕開け","サイレントスナイパー・ワルツ","ロイヤル","ゴールドレア"
"伝説の幕開け","常在戦場・カゲミツ","ロイヤル","レジェンド"
"インフィニティ・エボルヴ","豪胆なる副団長・ゲルト","ロイヤル","シルバーレア"
"インフィニティ・エボルヴ","ソードプリンセス・ロゼ","ロイヤル","ゴールドレア"
"絶傑の継承者","空絶の顕現・オクトリス","ロイヤル","レジェンド"
"蒼空の六竜","決意の輝竜・アーサー","ロイヤル","ブロンズレア"
"蒼空の六竜","迷夢の獅子・モルドレッド","ロイヤル","ブロンズレア"
"蒼空の六竜","燃え滾る闘志・フェザー","ロイヤル","シルバーレア"
"花酔遊戯","煙管の美玉","ロイヤル","ブロンズレア"
"アポカリプス・パクト","忠烈の近衛兵","ロイヤル","シルバーレア"
"伝説の幕開け","王断の威光","ロイヤル","シルバーレア"
"花酔遊戯","栄耀なる麗金花","ロイヤル","ゴールドレア"
"ベーシック","閃光の魔法剣士","ウィッチ","ブロンズレア"
"伝説の幕開け","オウルサモナー","ウィッチ","ブロンズレア"
"インフィニティ・エボルヴ","マナリアの剣士・オーウェン","ウィッチ","ゴールドレア"
"絶傑の継承者","真実の団結者","ウィッチ","ゴールドレア"
"蒼空の六竜","不可思議な哲学者・フィラソピラ","ウィッチ","ブロンズレア"
"蒼空の六竜","懐旧の送り火・エルモート","ウィッチ","ゴールドレア"
"蒼空の六竜","水の理・ワムデュス","ウィッチ","レジェンド"
"花酔遊戯","シェイプウィザード","ウィッチ","ブロンズレア"
"アポカリプス・パクト","ベンチャーグリモワール","ウィッチ","シルバーレア"
"アポカリプス・パクト","魔恋の慕情・シイム","ウィッチ","レジェンド"
"伝説の幕開け","理光の証明","ウィッチ","シルバーレア"
"伝説の幕開け","宿題やるですぅ！","ウィッチ","ゴールドレア"
"インフィニティ・エボルヴ","カオスフレイム","ウィッチ","シルバーレア"
"アポカリプス・パクト","魔恋の天晶","ウィッチ","ゴールドレア"
"絶傑の継承者","真実の研究施設","ウィッチ","シルバーレア"
"伝説の幕開け","風を駆る者・エイファ","ドラゴン","シルバーレア"
"伝説の幕開け","風を読む者・ゼル","ドラゴン","シルバーレア"
"伝説の幕開け","栄弦の天宮・リュウフウ","ドラゴン","ゴールドレア"
"絶傑の継承者","オーシャンライダー","ドラゴン","シルバーレア"
"蒼空の六竜","大海を追う者・ジョエル","ドラゴン","ブロンズレア"
"蒼空の六竜","どこにでもいるフツーの女の子・メグ","ドラゴン","ゴールドレア"
"花酔遊戯","波揺花・ユウベ","ドラゴン","レジェンド"
"アポカリプス・パクト","果断のドラゴニュート","ドラゴン","ブロンズレア"
"ベーシック","竜の啓示","ドラゴン","シルバーレア"
"伝説の幕開け","栄弦の奏楽","ドラゴン","シルバーレア"
"絶傑の継承者","サンダーレイジ","ドラゴン","ブロンズレア"
"花酔遊戯","波揺花の断裁","ドラゴン","ブロンズレア"
"ベーシック","夜の鬼人","ナイトメア","ブロンズレア"
"伝説の幕開け","ミッドナイトヴァンパイア・エラル","ナイトメア","ブロンズレア"
"伝説の幕開け","ボーンガール","ナイトメア","ブロンズレア"
"伝説の幕開け","闇の賞金稼ぎ・バルト","ナイトメア","ゴールドレア"
"インフィニティ・エボルヴ","ブラストウィング・ピユラ","ナイトメア","シルバーレア"
"インフィニティ・エボルヴ","クルーエルウォー・ラウラ","ナイトメア","ゴールドレア"
"絶傑の継承者","混融の肯定者","ナイトメア","ブロンズレア"
"蒼空の六竜","愛の旅人・サテュロス","ナイトメア","シルバーレア"
"蒼空の六竜","元素の共鳴・バアル","ナイトメア","シルバーレア"
"花酔遊戯","トラブルネクロマンサー","ナイトメア","シルバーレア"
"アポカリプス・パクト","ゴーストエスケーパー","ナイトメア","ブロンズレア"
"アポカリプス・パクト","渇欲のネクロマンサー","ナイトメア","シルバーレア"
"アポカリプス・パクト","旧き天眼・ビバティー","ナイトメア","レジェンド"
"絶傑の継承者","叫喚と憎悪","ナイトメア","ゴールドレア"
"アポカリプス・パクト","天眼授与","ナイトメア","ブロンズレア"
"アポカリプス・パクト","枯渇の天眼","ナイトメア","ゴールドレア"
"伝説の幕開け","瞑地の霊園","ナイトメア","シルバーレア"
"伝説の幕開け","聖心のプリズムプリースト","ビショップ","ブロンズレア"
"伝説の幕開け","セイントシールダー","ビショップ","ブロンズレア"
"インフィニティ・エボルヴ","粉砕の聖職者","ビショップ","ブロンズレア"
"インフィニティ・エボルヴ","バラージエクソシスト・コレット","ビショップ","シルバーレア"
"絶傑の継承者","安息の祈祷者","ビショップ","シルバーレア"
"蒼空の六竜","英雄幻視・トルー","ビショップ","ブロンズレア"
"蒼空の六竜","土の理・ガレヲン","ビショップ","レジェンド"
"花酔遊戯","フォアサイトプリースト","ビショップ","ブロンズレア"
"花酔遊戯","霧巻花の激憤","ビショップ","ブロンズレア"
"アポカリプス・パクト","天書授与","ビショップ","ブロンズレア"
"伝説の幕開け","セイクリッドインジェクション","ビショップ","シルバーレア"
"絶傑の継承者","安息の神殿","ビショップ","シルバーレア"
"絶傑の継承者","有翼の獅子像","ビショップ","シルバーレア"
"蒼空の六竜","レ・フィーエの宝石","ビショップ","ゴールドレア"
"花酔遊戯","堅固なる霧巻花","ビショップ","ゴールドレア"
"ベーシック","砲撃の猫獣人","ネメシス","ブロンズレア"
"伝説の幕開け","オートマタアサシン","ネメシス","ブロンズレア"
"伝説の幕開け","レゾリューション・ミリアム","ネメシス","ゴールドレア"
"伝説の幕開け","新たなる少女・エース","ネメシス","レジェンド"
"絶傑の継承者","破壊の継承者・アクシア","ネメシス","レジェンド"
"蒼空の六竜","再起の夜王・ショウ","ネメシス","ブロンズレア"
"花酔遊戯","廻る《運命の輪》・スロース","ネメシス","レジェンド"
"伝説の幕開け","人形の身代わり","ネメシス","ブロンズレア"
"蒼空の六竜","ストーン・ブレイク","ネメシス","シルバーレア"
"アポカリプス・パクト","劣悪の天斧","ネメシス","ゴールドレア"
"ベーシック","激震のゴリアテ","ニュートラル","ブロンズレア"
"絶傑の継承者","干絶の使徒","ニュートラル","ブロンズレア"
"絶傑の継承者","絶大の顕現・マゼルベイン","ニュートラル","レジェンド"
"蒼空の六竜","蒼い空を征く騎空士・グラン＆ジータ","ニュートラル","ゴールドレア"
"花酔遊戯","軍配の偉丈夫","ニュートラル","シルバーレア"
"伝説の幕開け","神の雷霆","ニュートラル","ゴールドレア"
"絶傑の継承者","至高の凌駕","ニュートラル","ブロンズレア"
"アポカリプス・パクト","暗黒次元","ニュートラル","ゴールドレア"
"ベーシック","温厚なるトレント","エルフ","ブロンズレア"
"伝説の幕開け","言の葉のエルダーウィードマン","エルフ","ブロンズレア"
"インフィニティ・エボルヴ","フォレストシバルリー・シンシア","エルフ","ゴールドレア"
"インフィニティ・エボルヴ","翅の女王・ティターニア","エルフ","レジェンド"
"絶傑の継承者","樹海の戦士","エルフ","シルバーレア"
"絶傑の継承者","不殺の継承者・クルル","エルフ","レジェンド"
"インフィニティ・エボルヴ","炎竜の剣","ドラゴン","シルバーレア"
"ベーシック","魅惑のサキュバス・リリム","ナイトメア","シルバーレア"
"インフィニティ・エボルヴ","怨恨の栽培者","ナイトメア","ブロンズレア"
"伝説の幕開け","死神の一振り","ナイトメア","ブロンズレア"
"蒼空の六竜","魔杖の外科医・ティコ","ビショップ","ゴールドレア"
"花酔遊戯","結びの使徒","ビショップ","ブロンズレア"
"インフィニティ・エボルヴ","ディバインガード","ビショップ","シルバーレア"
"ベーシック","有翼の石像","ビショップ","シルバーレア"
"伝説の幕開け","穏やかなる教会","ビショップ","ブロンズレア"
"伝説の幕開け","ビビッドインベンター・イリス","ネメシス","ブロンズレア"
"インフィニティ・エボルヴ","パペットキャット","ネメシス","ブロンズレア"
"伝説の幕開け","アーティファクトチャージ","ネメシス","ブロンズレア"
"インフィニティ・エボルヴ","イカロスの飛翔","ネメシス","シルバーレア"
"花酔遊戯","尽小花の照臨","ネメシス","ブロンズレア"
"花酔遊戯","リヴァイブチューニング","ネメシス","シルバーレア"
"花酔遊戯","誠心なる尽小花","ネメシス","ゴールドレア"
"ベーシック","不屈のファイター","ニュートラル","ブロンズレア"
"ベーシック","ベルエンジェル・リア","ニュートラル","ブロンズレア"
"伝説の幕開け","グリードケルブ・ルビィ","ニュートラル","ブロンズレア"
"伝説の幕開け","楽朗の天宮・フィルドア","ニュートラル","ゴールドレア"
"インフィニティ・エボルヴ","メイドエンジェル・チェレッタ","ニュートラル","シルバーレア"
"インフィニティ・エボルヴ","雷火の双神・フニカル＆ヤヴンハール","ニュートラル","ゴールドレア"
"絶傑の継承者","嘆きに立ちし者","ニュートラル","シルバーレア"
"蒼空の六竜","愛すべき相棒・ビィ","ニュートラル","ブロンズレア"
"蒼空の六竜","空の命運を握る少女・ルリア","ニュートラル","ゴールドレア"
"アポカリプス・パクト","混濁せし民","ニュートラル","ブロンズレア"
"インフィニティ・エボルヴ","リバースチェンジ","ニュートラル","ブロンズレア"
"ベーシック","探偵のルーペ","ニュートラル","ブロンズレア"
"ベーシック","フェアリーテイマー","エルフ","ブロンズレア"
"ベーシック","ストレイビーストマン","エルフ","ブロンズレア"
"蒼空の六竜","カワイイ花マル・マナマル","エルフ","ブロンズレア"
"蒼空の六竜","虹色の弓使い・クピタン","エルフ","ゴールドレア"
"アポカリプス・パクト","慈育の森人","エルフ","ブロンズレア"
"ベーシック","バトルマーチャント","ロイヤル","ブロンズレア"
"伝説の幕開け","王断の天宮・スタチウム","ロイヤル","ゴールドレア"
"インフィニティ・エボルヴ","オーディナリーナイト・ラキル","ロイヤル","シルバーレア"
"絶傑の継承者","簒奪の団結者","ロイヤル","ゴールドレア"
"蒼空の六竜","花開く筋肉・フィオリト","ロイヤル","シルバーレア"
"蒼空の六竜","真紅と群青・ゼタ＆ベアトリクス","ロイヤル","レジェンド"
"蒼空の六竜","十天衆の頭目・シエテ","ロイヤル","レジェンド"
"花酔遊戯","不動の将校","ロイヤル","ゴールドレア"
"アポカリプス・パクト","レイジーメイド","ロイヤル","ブロンズレア"
"アポカリプス・パクト","苛烈の参謀","ロイヤル","ゴールドレア"
"伝説の幕開け","剣士の斬撃","ロイヤル","ブロンズレア"
"ベーシック","正統なる王冠","ロイヤル","シルバーレア"
"ベーシック","相貌の魔女・レミラミ","ウィッチ","シルバーレア"
"伝説の幕開け","夢想のペンギンウィザード","ウィッチ","ブロンズレア"
"伝説の幕開け","理光の天宮・エーデルワイス","ウィッチ","ゴールドレア"
"インフィニティ・エボルヴ","調香の魔術師","ウィッチ","シルバーレア"
"絶傑の継承者","五行の修行者","ウィッチ","ブロンズレア"
"蒼空の六竜","天才美少女錬金術師・カリオストロ","ウィッチ","レジェンド"
"花酔遊戯","インソムニアウィッチ","ウィッチ","シルバーレア"
"アポカリプス・パクト","魔酔の教師","ウィッチ","ゴールドレア"
"ベーシック","イラプション","ウィッチ","シルバーレア"
"インフィニティ・エボルヴ","アイスピアース","ウィッチ","ブロンズレア"
"絶傑の継承者","クリスタルゲイジング","ウィッチ","ブロンズレア"
"絶傑の継承者","デュアルクリエイト","ウィッチ","シルバーレア"
"蒼空の六竜","アンリーシュ","ウィッチ","シルバーレア"
"ベーシック","猛撃のドラゴンウォーリアー","ドラゴン","シルバーレア"
"伝説の幕開け","駆け出しのドラゴンスレイヤー","ドラゴン","ブロンズレア"
"伝説の幕開け","白鱗の御使い","ドラゴン","ブロンズレア"
"伝説の幕開け","艶麗なる竜人・マリオン","ドラゴン","シルバーレア"
"アポカリプス・パクト","即断の剣聖","ドラゴン","シルバーレア"
"花酔遊戯","プロミネンスロア","ドラゴン","シルバーレア"
"アポカリプス・パクト","天刀授与","ドラゴン","ブロンズレア"
"ベーシック","ラバーズネクロマンサー","ナイトメア","シルバーレア"
"伝説の幕開け","怪奇の探索者・ユナ","ナイトメア","シルバーレア"
"伝説の幕開け","青薔薇の令嬢・セレス","ナイトメア","ゴールドレア"
"伝説の幕開け","瞑地の天宮・ムカン","ナイトメア","ゴールドレア"
"インフィニティ・エボルヴ","ノクターンジェネラル・エクセラ","ナイトメア","ゴールドレア"
"絶傑の継承者","混融の祈祷者","ナイトメア","シルバーレア"
"花酔遊戯","紅札の魂魄使い","ナイトメア","ブロンズレア"
"アポカリプス・パクト","ロストラブデビル","ナイトメア","シルバーレア"
"絶傑の継承者","暴虐の行進","ナイトメア","ブロンズレア"
"ベーシック","ウィングウォーリアー","ビショップ","ブロンズレア"
"ベーシック","鉄拳の神父","ビショップ","シルバーレア"
"伝説の幕開け","煌翼のフェザーフォルク・リノ","ビショップ","シルバーレア"
"伝説の幕開け","禁密の天宮・ロナヴェロ","ビショップ","ゴールドレア"
"絶傑の継承者","絶望の顕現・マーウィン","ビショップ","レジェンド"
"蒼空の六竜","砂神の巫女・サラ","ビショップ","シルバーレア"
"蒼空の六竜","ゼエン教の僧侶・ソフィア","ビショップ","シルバーレア"
"花酔遊戯","想う《力》・ソフィーナ","ビショップ","レジェンド"
"アポカリプス・パクト","崇敬の塗布者","ビショップ","シルバーレア"
"アポカリプス・パクト","崇高の憎悪・カンディマ","ビショップ","レジェンド"
"インフィニティ・エボルヴ","狂おしき恩寵","ビショップ","ゴールドレア"
"絶傑の継承者","セイントフラッシュ","ビショップ","ブロンズレア"
"ベーシック","投影の鳥像","ビショップ","ブロンズレア"
"絶傑の継承者","輝く失意","ビショップ","ゴールドレア"
"蒼空の六竜","空を征く艇","ビショップ","シルバーレア"
"アポカリプス・パクト","崇高の天書","ビショップ","ゴールドレア"
"伝説の幕開け","ストラグルリーダー・ルキナ","ネメシス","シルバーレア"
"絶傑の継承者","破壊の肯定者","ネメシス","ブロンズレア"
"絶傑の継承者","奏絶の顕現・リーシェナ","ネメシス","レジェンド"
"花酔遊戯","ステージメーカー","ネメシス","ブロンズレア"
"花酔遊戯","ネオジオグラファー","ネメシス","シルバーレア"
"アポカリプス・パクト","小胆のパイオニア","ネメシス","シルバーレア"
"ベーシック","異次元からの銃撃","ネメシス","ブロンズレア"
"絶傑の継承者","ストリングアサルト","ネメシス","ブロンズレア"
"蒼空の六竜","空駆ける庇護者・カタリナ","ニュートラル","ブロンズレア"
"花酔遊戯","スターライトゴッデス","ニュートラル","シルバーレア"
"アポカリプス・パクト","這い寄られし者","ニュートラル","ブロンズレア"
"伝説の幕開け","ゴブリンの襲撃","ニュートラル","ブロンズレア"
"花酔遊戯","《世界》の提示","ニュートラル","ゴールドレア"
"伝説の幕開け","薫交の天宮・バックウッド","エルフ","ゴールドレア"
"インフィニティ・エボルヴ","木槌のドワーフ","エルフ","ブロンズレア"
"蒼空の六竜","緋焔の踊り子・アンスリア","エルフ","シルバーレア"
"蒼空の六竜","調和の舞手・ユエル＆ソシエ","エルフ","レジェンド"
"花酔遊戯","森羽子板の匠","エルフ","ブロンズレア"
"花酔遊戯","和気藹々の妖精","エルフ","シルバーレア"
"花酔遊戯","導きの船頭","エルフ","ゴールドレア"
"アポカリプス・パクト","慈恵の側近","エルフ","ゴールドレア"
"アポカリプス・パクト","大輪への献上","エルフ","シルバーレア"
"伝説の幕開け","卓越のルミナスメイジ","ロイヤル","シルバーレア"
"伝説の幕開け","レヴィオンの迅雷・アルベール","ロイヤル","レジェンド"
"インフィニティ・エボルヴ","暗闘のニンジャマスター","ロイヤル","ブロンズレア"
"絶傑の継承者","スナッピースカウト","ロイヤル","シルバーレア"
"花酔遊戯","麗金花・ウンケイ","ロイヤル","レジェンド"
"蒼空の六竜","リッター・シュナイト","ロイヤル","ゴールドレア"
"アポカリプス・パクト","天剣授与","ロイヤル","ブロンズレア"
"伝説の幕開け","ルーンブレイドコンダクター","ウィッチ","ブロンズレア"
"伝説の幕開け","ワンダーウィッチ・エミル","ウィッチ","シルバーレア"
"伝説の幕開け","黎明の錬金術師・ノノ","ウィッチ","ゴールドレア"
"伝説の幕開け","マナリアフレンズ・アン＆グレア","ウィッチ","レジェンド"
"インフィニティ・エボルヴ","否定の詠唱・バーゼント","ウィッチ","シルバーレア"
"絶傑の継承者","真実の祈祷者","ウィッチ","シルバーレア"
"蒼空の六竜","辛苦の旅路・ミレイユ＆リゼット","ウィッチ","シルバーレア"
"アポカリプス・パクト","魔境の生徒","ウィッチ","シルバーレア"
"ベーシック","咆哮の竜使い","ドラゴン","シルバーレア"
"伝説の幕開け","海溝の大剣竜","ドラゴン","ブロンズレア"
"インフィニティ・エボルヴ","歴戦のマーマン","ドラゴン","シルバーレア"
"絶傑の継承者","侮蔑の祈祷者","ドラゴン","シルバーレア"
"絶傑の継承者","烈絶の顕現・ガルミーユ","ドラゴン","レジェンド"
"蒼空の六竜","凍てつく定め・イシュミール","ドラゴン","シルバーレア"
"蒼空の六竜","世界の味方・ゾーイ","ドラゴン","レジェンド"
"蒼空の六竜","星晶獣の吸収","ドラゴン","ゴールドレア"
"伝説の幕開け","禁約の悪魔","ナイトメア","ブロンズレア"
"伝説の幕開け","エンドレスハンター・アラガヴィ","ナイトメア","レジェンド"
"インフィニティ・エボルヴ","シルバーバレット・レイヴン","ナイトメア","ブロンズレア"
"インフィニティ・エボルヴ","流れ堕つ冥河・カローン","ナイトメア","レジェンド"
"絶傑の継承者","混融の団結者","ナイトメア","ゴールドレア"
"花酔遊戯","橋渡しの青鬼","ナイトメア","シルバーレア"
"アポカリプス・パクト","渇命の破壊者","ナイトメア","ゴールドレア"
"蒼空の六竜","コラプション","ナイトメア","ゴールドレア"
"伝説の幕開け","標を与えるレディアンスエンジェル","ビショップ","ブロンズレア"
"伝説の幕開け","水の守護神・サレファ","ビショップ","レジェンド"
"インフィニティ・エボルヴ","潔癖の審判者","ビショップ","シルバーレア"
"インフィニティ・エボルヴ","速断の刃・アニエス","ビショップ","ゴールドレア"
"絶傑の継承者","安息の団結者","ビショップ","ゴールドレア"
"花酔遊戯","窮鼠の斎女","ビショップ","シルバーレア"
"花酔遊戯","威徳の至聖","ビショップ","ゴールドレア"
"アポカリプス・パクト","崇奉の怯者","ビショップ","ブロンズレア"
"ベーシック","魔鋼の騎兵","ネメシス","シルバーレア"
"伝説の幕開け","メタルマーセナリー・ディルク","ネメシス","ブロンズレア"
"伝説の幕開け","改境の天宮・アルエット","ネメシス","ゴールドレア"
"インフィニティ・エボルヴ","ディスペアロード・アキム","ネメシス","シルバーレア"
"インフィニティ・エボルヴ","シンフォニアハート・ツヴァイ","ネメシス","レジェンド"
"絶傑の継承者","フィールドエンジニア","ネメシス","シルバーレア"
"蒼空の六竜","轟雷の閃狼・ユーステス","ネメシス","シルバーレア"
"蒼空の六竜","空慕う帰還者・カシウス","ネメシス","ゴールドレア"
"蒼空の六竜","光の理・ル・オー","ネメシス","レジェンド"
"花酔遊戯","満開の技術屋","ネメシス","ブロンズレア"
"花酔遊戯","ニューロンインタラプター","ネメシス","ゴールドレア"
"アポカリプス・パクト","拙劣の人形","ネメシス","シルバーレア"
"伝説の幕開け","改境の再動","ネメシス","シルバーレア"
"伝説の幕開け","遺産の砲撃","ネメシス","ゴールドレア"
"蒼空の六竜","天司長の後継・サンダルフォン","ニュートラル","レジェンド"
"アポカリプス・パクト","闇を彷徨う獣","ニュートラル","ゴールドレア"
"伝説の幕開け","自然の妖精姫・アリア","エルフ","レジェンド"
"インフィニティ・エボルヴ","アーデントエルフ・レオネル","エルフ","シルバーレア"
"絶傑の継承者","不殺の祈祷者","エルフ","シルバーレア"
"アポカリプス・パクト","ハウリングウルフマン","エルフ","シルバーレア"
"伝説の幕開け","ピースディーラー・エルネスタ","ロイヤル","ブロンズレア"
"伝説の幕開け","白銀の騎士団長・エミリア","ロイヤル","レジェンド"
"インフィニティ・エボルヴ","静寂のアナテマ・ギルダリア","ロイヤル","レジェンド"
"絶傑の継承者","剣聖の同胞","ロイヤル","ブロンズレア"
"絶傑の継承者","簒奪の継承者・シンセライズ","ロイヤル","レジェンド"
"蒼空の六竜","氷心の覇王・アグロヴァル","ロイヤル","シルバーレア"
"花酔遊戯","喜捨の名士","ロイヤル","ブロンズレア"
"花酔遊戯","剽疾の武闘家","ロイヤル","シルバーレア"
"アポカリプス・パクト","凄烈の剣王・ロードノエル四世","ロイヤル","レジェンド"
"伝説の幕開け","マナリアの学徒・ウィリアム","ウィッチ","シルバーレア"
"インフィニティ・エボルヴ","アダマントアルケミスト・ノーマン","ウィッチ","レジェンド"
"蒼空の六竜","復讐の占師・エゼクレイン","ウィッチ","シルバーレア"
"花酔遊戯","流動の符操師","ウィッチ","ブロンズレア"
"花酔遊戯","余情の俳人","ウィッチ","シルバーレア"
"アポカリプス・パクト","空想の司書","ウィッチ","ブロンズレア"
"ベーシック","戦斧の竜殺し","ドラゴン","ブロンズレア"
"伝説の幕開け","煌牙の義勇・キット","ドラゴン","シルバーレア"
"伝説の幕開け","荒波のドラグーン・ザハール","ドラゴン","ゴールドレア"
"伝説の幕開け","覇道の竜翼・フォルテ","ドラゴン","レジェンド"
"絶傑の継承者","吹雪のドラゴニュート","ドラゴン","ブロンズレア"
"絶傑の継承者","侮蔑の団結者","ドラゴン","ゴールドレア"
"花酔遊戯","雫の囃子方","ドラゴン","ブロンズレア"
"アポカリプス・パクト","遮断の竜闘士","ドラゴン","ゴールドレア"
"伝説の幕開け","ディザスターブレス","ドラゴン","ブロンズレア"
"インフィニティ・エボルヴ","ドラゴニックストライク","ドラゴン","ゴールドレア"
"ベーシック","ウルフマスター","ナイトメア","ブロンズレア"
"伝説の幕開け","ジャグリングゴースト","ナイトメア","ブロンズレア"
"インフィニティ・エボルヴ","コープスソルジャー","ナイトメア","シルバーレア"
"蒼空の六竜","不屈の鋭刃・バザラガ","ナイトメア","ブロンズレア"
"蒼空の六竜","覇空の武神・ナタク","ナイトメア","シルバーレア"
"蒼空の六竜","生滅の技巧・ネハン","ナイトメア","ゴールドレア"
"花酔遊戯","充つ《恋人と節制》・ミルティオ＆ルーゼン","ナイトメア","レジェンド"
"ベーシック","癒しのシスター","ビショップ","ブロンズレア"
"伝説の幕開け","終焉のスカルフェイン","ビショップ","ゴールドレア"
"インフィニティ・エボルヴ","嗚咽の聖騎士・ウィルバート","ビショップ","レジェンド"
"絶傑の継承者","安息の継承者・ヒメカ","ビショップ","レジェンド"
"アポカリプス・パクト","ペガサスの乗り手","ビショップ","シルバーレア"
"アポカリプス・パクト","崇拝の聖騎士","ビショップ","ゴールドレア"
"伝説の幕開け","フェザーレイン","ビショップ","ブロンズレア"
"伝説の幕開け","邪教の器","ビショップ","ゴールドレア"
"ベーシック","獣性の鉄人","ネメシス","ブロンズレア"
"伝説の幕開け","殺意の糸・ノア","ネメシス","シルバーレア"
"伝説の幕開け","箱庭の断罪者・シルヴィア","ネメシス","ゴールドレア"
"インフィニティ・エボルヴ","エンジンブレイダー","ネメシス","ブロンズレア"
"インフィニティ・エボルヴ","マインドアーツ・カルラ","ネメシス","レジェンド"
"絶傑の継承者","破壊の団結者","ネメシス","ゴールドレア"
"アポカリプス・パクト","低劣の玩具","ネメシス","ブロンズレア"
"アポカリプス・パクト","ブライトクリエイター","ネメシス","ブロンズレア"
"インフィニティ・エボルヴ","心有る共闘","ネメシス","ゴールドレア"
"蒼空の六竜","ケイオス・レギオン","ネメシス","ゴールドレア"
"アポカリプス・パクト","凡百の製図","ネメシス","シルバーレア"
"ベーシック","キャラバンマンモス","ニュートラル","シルバーレア"
"伝説の幕開け","勇壮の堕天使・オリヴィエ","ニュートラル","レジェンド"
"インフィニティ・エボルヴ","絆の天使・レイナ","ニュートラル","ゴールドレア"
"インフィニティ・エボルヴ","運命の黄昏・オーディン","ニュートラル","レジェンド"
"ベーシック","ソニックアーチャー・セルウィン","エルフ","シルバーレア"
"伝説の幕開け","フロストクリスタリア・エリン","エルフ","シルバーレア"
"インフィニティ・エボルヴ","絡み付く密林・リマーガ","エルフ","レジェンド"
"蒼空の六竜","愛憎の舞手・コウ＆ヨウ","エルフ","ブロンズレア"
"インフィニティ・エボルヴ","森の行進","エルフ","ブロンズレア"
"アポカリプス・パクト","天槍授与","エルフ","ブロンズレア"
"伝説の幕開け","レヴィオンアックス・ジェノ","ロイヤル","ゴールドレア"
"蒼空の六竜","真王の刃・黄金の騎士","ロイヤル","ゴールドレア"
"花酔遊戯","吉祥蛙","ロイヤル","シルバーレア"
"伝説の幕開け","テンタクルバイト","ロイヤル","ゴールドレア"
"伝説の幕開け","五行の果て・クオン","ウィッチ","レジェンド"
"花酔遊戯","エレメンタルガバナー","ウィッチ","ゴールドレア"
"伝説の幕開け","鬼呼びの術","ウィッチ","ゴールドレア"
"蒼空の六竜","ルーン・リチュオル","ウィッチ","ブロンズレア"
"花酔遊戯","壮美なる明越花","ウィッチ","ゴールドレア"
"伝説の幕開け","灼熱のアナテマ・バーンドナイト","ドラゴン","レジェンド"
"インフィニティ・エボルヴ","蒼海の裁き・ネプチューン","ドラゴン","ゴールドレア"
"蒼空の六竜","炎の理・ウィルナス","ドラゴン","レジェンド"
"花酔遊戯","ルインジェノサイダー","ドラゴン","ゴールドレア"
"アポカリプス・パクト","断頭の斬姫・サガツマツ","ドラゴン","レジェンド"
"アポカリプス・パクト","断頭の天刀","ドラゴン","ゴールドレア"
"伝説の幕開け","猛毒姫・メドゥーサ","ナイトメア","レジェンド"
"絶傑の継承者","絶叫と愛絶の顕現・ルルナイ＆ヴァーナレク","ナイトメア","レジェンド"
"蒼空の六竜","闇の理・フェディエル","ナイトメア","レジェンド"
"蒼空の六竜","狡知の堕天司・ベリアル","ナイトメア","レジェンド"
"アポカリプス・パクト","『最強』の魅惑","ナイトメア","シルバーレア"
"伝説の幕開け","大地の守護神・ミーヴェ","ビショップ","シルバーレア"
"伝説の幕開け","裁決のアナテマ・ロデオ","ビショップ","レジェンド"
"伝説の幕開け","純白の聖女・ジャンヌ","ビショップ","レジェンド"
"インフィニティ・エボルヴ","天の守護神・アイテール","ビショップ","レジェンド"
"花酔遊戯","霧巻花・クキシロ","ビショップ","レジェンド"
"絶傑の継承者","音速の飛行兵","ネメシス","ブロンズレア"
"蒼空の六竜","厳烈なる教官・イルザ","ネメシス","シルバーレア"
"アポカリプス・パクト","劣悪の純心・カミシラ","ネメシス","レジェンド"
"花酔遊戯","八界花・ゲテンオウ","ニュートラル","レジェンド"
"伝説の幕開け","深奥のフェアリービースト","エルフ","ブロンズレア"
"伝説の幕開け","煌撃の戦士・ベイル","エルフ","ゴールドレア"
"絶傑の継承者","絶命の顕現・エズディア","エルフ","レジェンド"
"アポカリプス・パクト","慈愛の凛華・オルテニア","エルフ","レジェンド"
"ベーシック","ケンタウロスの騎士","ロイヤル","ブロンズレア"
"伝説の幕開け","煌刃の勇者・アマリア","ロイヤル","ゴールドレア"
"インフィニティ・エボルヴ","レヴィオンの超越者・ユリウス","ロイヤル","レジェンド"
"アポカリプス・パクト","キャットネイビー","ロイヤル","シルバーレア"
"インフィニティ・エボルヴ","暴食のアナテマ・ララアンセム","ウィッチ","レジェンド"
"伝説の幕開け","スノーアウェイク","ウィッチ","シルバーレア"
"ベーシック","シャークソルジャー","ドラゴン","ブロンズレア"
"伝説の幕開け","雲海の騎竜兵","ドラゴン","ブロンズレア"
"伝説の幕開け","龍人演義・ガリュウ","ドラゴン","レジェンド"
"インフィニティ・エボルヴ","絢爛なる鳳凰・ほーちゃん","ドラゴン","レジェンド"
"蒼空の六竜","純朴の鋼体・ムゲン","ドラゴン","シルバーレア"
"花酔遊戯","鉄槌のドラグーン","ドラゴン","シルバーレア"
"アポカリプス・パクト","スパイクドラゴン","ドラゴン","シルバーレア"
"伝説の幕開け","串刺し公・ヴラド","ナイトメア","シルバーレア"
"伝説の幕開け","奔放なる獄炎・ケルベロス","ナイトメア","レジェンド"
"絶傑の継承者","泡沫の鬼姫","ナイトメア","ブロンズレア"
"ベーシック","セイクリッドグリフォン","ビショップ","シルバーレア"
"伝説の幕開け","大いなる熾天使・ラピス","ビショップ","ゴールドレア"
"蒼空の六竜","威容なる星晶騎士・ヴィーラ","ビショップ","レジェンド"
"花酔遊戯","イムーバブルパラディン","ビショップ","シルバーレア"
"伝説の幕開け","プロシードハート・オーキス","ネメシス","レジェンド"
"伝説の幕開け","ブーストエクステンド・ララミア","ネメシス","レジェンド"
"アポカリプス・パクト","愚劣の兵器","ネメシス","ゴールドレア"
"アポカリプス・パクト","畏怖の象徴・オメガオテプ","ニュートラル","レジェンド"
"伝説の幕開け","豊麗なるローズクイーン","エルフ","レジェンド"
"絶傑の継承者","不殺の団結者","エルフ","ゴールドレア"
"花酔遊戯","猛る《戦車》・オルオーン","ロイヤル","レジェンド"
"絶傑の継承者","絶尽の顕現・ライオ","ウィッチ","レジェンド"
"伝説の幕開け","ナイトフォールドラゴン","ドラゴン","ゴールドレア"
"絶傑の継承者","侮蔑の継承者・アジュラフリート","ドラゴン","レジェンド"
"インフィニティ・エボルヴ","双輪夜行・ギンセツ＆ユヅキ","ナイトメア","レジェンド"
"花酔遊戯","フェイタルテイカー","ナイトメア","ゴールドレア"
"アポカリプス・パクト","枯渇の神魔・アルメス","ナイトメア","レジェンド"
"アポカリプス・パクト","旧き天書・リアントース","ビショップ","レジェンド"
"伝説の幕開け","狂気の創造者・リーアム","ネメシス","ゴールドレア"
"蒼空の六竜","全一の王・ベルゼバブ","ネメシス","レジェンド"
"伝説の幕開け","最果ての罪・サタン","ニュートラル","レジェンド"
"ベーシック","ブレイズデストロイヤー","ウィッチ","シルバーレア"
"花酔遊戯","明越花・アラ","ウィッチ","レジェンド"
"アポカリプス・パクト","旧き天晶・カルギデンスラ","ウィッチ","レジェンド"
"伝説の幕開け","再臨のジェネシスドラゴン","ドラゴン","ゴールドレア"
"インフィニティ・エボルヴ","庇護の知竜","ドラゴン","ブロンズレア"
"花酔遊戯","律する《正義》・イランツァ","ドラゴン","レジェンド"
"花酔遊戯","奥夜花・シャクドウ","ナイトメア","レジェンド"
"伝説の幕開け","オーバーディメンション","ウィッチ","レジェンド"
"伝説の幕開け","舞い踊る妖精","エルフ","ブロンズレア"
"伝説の幕開け","ベビーカーバンクル","エルフ","シルバーレア"
"伝説の幕開け","ピュアクリスタリア・リリィ","エルフ","ゴールドレア"
"インフィニティ・エボルヴ","フェアリーフェンサー","エルフ","シルバーレア"
"絶傑の継承者","不殺の肯定者","エルフ","ブロンズレア"
"絶傑の継承者","妖精剣の担い手","エルフ","ブロンズレア"
"蒼空の六竜","美粧の乙女・クロエ","エルフ","シルバーレア"
"蒼空の六竜","風の理・イーウィヤ","エルフ","レジェンド"
"花酔遊戯","賢慮の狸","エルフ","ブロンズレア"
"花酔遊戯","バディングバディーズ","エルフ","シルバーレア"
"花酔遊戯","天踏む《吊るされた男》・ローフラッド","エルフ","レジェンド"
"アポカリプス・パクト","慈顔の担い手","エルフ","シルバーレア"
"インフィニティ・エボルヴ","花園の導き","エルフ","ゴールドレア"
"絶傑の継承者","野生の猛襲","エルフ","ブロンズレア"
"蒼空の六竜","箒星","エルフ","ブロンズレア"
"蒼空の六竜","アルフヘイム","エルフ","ゴールドレア"
"花酔遊戯","虫風花の飛翔","エルフ","ブロンズレア"
"ベーシック","繚乱の庭","エルフ","ブロンズレア"
"伝説の幕開け","燐光の岩","エルフ","シルバーレア"
"ベーシック","王家の御者","ロイヤル","シルバーレア"
"伝説の幕開け","異端の侍","ロイヤル","ブロンズレア"
"伝説の幕開け","勇猛のルミナスランサー","ロイヤル","シルバーレア"
"伝説の幕開け","忍びのムササビ","ロイヤル","シルバーレア"
"インフィニティ・エボルヴ","トリガーメイド・セリエ","ロイヤル","ブロンズレア"
"インフィニティ・エボルヴ","休日の王女・プリム","ロイヤル","ゴールドレア"
"絶傑の継承者","簒奪の肯定者","ロイヤル","ブロンズレア"
"絶傑の継承者","簒奪の祈祷者","ロイヤル","シルバーレア"
"蒼空の六竜","信念の蹴撃・ランドル","ロイヤル","ブロンズレア"
"アポカリプス・パクト","勇烈の兵士","ロイヤル","ブロンズレア"
"アポカリプス・パクト","旧き天剣・イドメタ","ロイヤル","レジェンド"
"ベーシック","メイドの作法","ロイヤル","ブロンズレア"
"インフィニティ・エボルヴ","商談成立","ロイヤル","ブロンズレア"
"インフィニティ・エボルヴ","三将姫の乱撃","ロイヤル","シルバーレア"
"絶傑の継承者","シールドバッシュ","ロイヤル","ブロンズレア"
"絶傑の継承者","返還の剣閃","ロイヤル","ゴールドレア"
"花酔遊戯","麗金花の散財","ロイヤル","ブロンズレア"
"花酔遊戯","優しき援軍","ロイヤル","シルバーレア"
"伝説の幕開け","見習い占星術師","ウィッチ","ブロンズレア"
"伝説の幕開け","アドラブルティーチャー・ミラ","ウィッチ","シルバーレア"
"伝説の幕開け","魔法の薬剤師・ペネロピー","ウィッチ","ゴールドレア"
"インフィニティ・エボルヴ","憧憬の魔女・メルヴィ","ウィッチ","ブロンズレア"
"インフィニティ・エボルヴ","魔導の司書","ウィッチ","ブロンズレア"
"絶傑の継承者","真実の肯定者","ウィッチ","ブロンズレア"
"絶傑の継承者","真実の継承者・ヴェハリヤー","ウィッチ","レジェンド"
"ベーシック","真理の召喚","ウィッチ","ブロンズレア"
"伝説の幕開け","虹の奇跡","ウィッチ","ブロンズレア"
"インフィニティ・エボルヴ","パメラの舞踏","ウィッチ","ゴールドレア"
"絶傑の継承者","虚偽の術式","ウィッチ","ゴールドレア"
"蒼空の六竜","アルケミック・フレア","ウィッチ","ゴールドレア"
"花酔遊戯","明越花の転変","ウィッチ","ブロンズレア"
"アポカリプス・パクト","天晶授与","ウィッチ","ブロンズレア"
"ベーシック","烈火のファイアリザード","ドラゴン","ブロンズレア"
"伝説の幕開け","竜育の少女","ドラゴン","ブロンズレア"
"インフィニティ・エボルヴ","宿願のドラゴニュートプリンセス","ドラゴン","シルバーレア"
"インフィニティ・エボルヴ","銀氷の竜少女・フィルレイン","ドラゴン","レジェンド"
"絶傑の継承者","侮蔑の肯定者","ドラゴン","ブロンズレア"
"蒼空の六竜","メグの親友・まりっぺ","ドラゴン","ブロンズレア"
"花酔遊戯","湧水の汲み手","ドラゴン","ブロンズレア"
"花酔遊戯","クラゲの舞姫","ドラゴン","シルバーレア"
"アポカリプス・パクト","完熟の海魚","ドラゴン","ブロンズレア"
