パック名,カードID,カード名,クラス,レアリティ,公式カードURL
"蒼空の六竜",10461210,"リーリエ・ライツ","ビショップ","ブロンズレア","https://shadowverse-wb.com/ja/deck/cardslist/card/?card_id=10461210"
"インフィニティ・エボルヴ",10201110,"二刀のゴブリン","ニュートラル","ブロンズレア","https://shadowverse-wb.com/ja/deck/cardslist/card/?card_id=10201110"
"花酔遊戯",10501110,"達筆の怪異","ニュートラル","ブロンズレア","https://shadowverse-wb.com/ja/deck/cardslist/card/?card_id=10501110"
"花酔遊戯",10503210,"大遊戯世界","ニュートラル","ゴールドレア","https://shadowverse-wb.com/ja/deck/cardslist/card/?card_id=10503210"
"ベーシック",10012110,"アドベンチャーエルフ・メイ","エルフ","シルバーレア","https://shadowverse-wb.com/ja/deck/cardslist/card/?card_id=10012110"
"伝説の幕開け",10112120,"純粋なるウォーターフェアリー","エルフ","シルバーレア","https://shadowverse-wb.com/ja/deck/cardslist/card/?card_id=10112120"
"アポカリプス・パクト",10614120,"旧き天槍・ササニド","エルフ","レジェンド","https://shadowverse-wb.com/ja/deck/cardslist/card/?card_id=10614120"
"ベーシック",10012310,"虫の知らせ","エルフ","シルバーレア","https://shadowverse-wb.com/ja/deck/cardslist/card/?card_id=10012310"
"伝説の幕開け",10111310,"妖精の招集","エルフ","ブロンズレア","https://shadowverse-wb.com/ja/deck/cardslist/card/?card_id=10111310"
"インフィニティ・エボルヴ",10212310,"樹上からの急襲","エルフ","シルバーレア","https://shadowverse-wb.com/ja/deck/cardslist/card/?card_id=10212310"
"絶傑の継承者",10313310,"駆逐の死矢","エルフ","ゴールドレア","https://shadowverse-wb.com/ja/deck/cardslist/card/?card_id=10313310"
"蒼空の六竜",10412310,"綺羅星","エルフ","シルバーレア","https://shadowverse-wb.com/ja/deck/cardslist/card/?card_id=10412310"
"ベーシック",10021110,"刹那のクイックブレイダー","ロイヤル","ブロンズレア","https://shadowverse-wb.com/ja/deck/cardslist/card/?card_id=10021110"
"伝説の幕開け",10122110,"統率のルミナスナイト","ロイヤル","シルバーレア","https://shadowverse-wb.com/ja/deck/cardslist/card/?card_id=10122110"
"アポカリプス・パクト",10622310,"威風の行軍","ロイヤル","シルバーレア","https://shadowverse-wb.com/ja/deck/cardslist/card/?card_id=10622310"
"アポカリプス・パクト",10623310,"凄烈の天剣","ロイヤル","ゴールドレア","https://shadowverse-wb.com/ja/deck/cardslist/card/?card_id=10623310"
"絶傑の継承者",10322210,"簒奪のアジト","ロイヤル","シルバーレア","https://shadowverse-wb.com/ja/deck/cardslist/card/?card_id=10322210"
"蒼空の六竜",10431120,"さすらいの家庭教師・スフラマール","ウィッチ","ブロンズレア","https://shadowverse-wb.com/ja/deck/cardslist/card/?card_id=10431120"
"花酔遊戯",10534110,"歩む《愚者》・リンクル","ウィッチ","レジェンド","https://shadowverse-wb.com/ja/deck/cardslist/card/?card_id=10534110"
"アポカリプス・パクト",10631110,"天晶の魔手","ウィッチ","ブロンズレア","https://shadowverse-wb.com/ja/deck/cardslist/card/?card_id=10631110"
"ベーシック",10031310,"知恵の輝き","ウィッチ","ブロンズレア","https://shadowverse-wb.com/ja/deck/cardslist/card/?card_id=10031310"
"伝説の幕開け",10131320,"ストームブラスト","ウィッチ","ブロンズレア","https://shadowverse-wb.com/ja/deck/cardslist/card/?card_id=10131320"
"花酔遊戯",10532310,"キティトリック","ウィッチ","シルバーレア","https://shadowverse-wb.com/ja/deck/cardslist/card/?card_id=10532310"
"アポカリプス・パクト",10632310,"正常の侵食","ウィッチ","シルバーレア","https://shadowverse-wb.com/ja/deck/cardslist/card/?card_id=10632310"
"ベーシック",10031210,"魔女の錬金釜","ウィッチ","ブロンズレア","https://shadowverse-wb.com/ja/deck/cardslist/card/?card_id=10031210"
"インフィニティ・エボルヴ",10241120,"飛躍のアイボリードラゴン","ドラゴン","ブロンズレア","https://shadowverse-wb.com/ja/deck/cardslist/card/?card_id=10241120"
"ベーシック",10041310,"ドラゴニュートクラッシュ","ドラゴン","ブロンズレア","https://shadowverse-wb.com/ja/deck/cardslist/card/?card_id=10041310"
"絶傑の継承者",10343310,"蒼炎の猛威","ドラゴン","ゴールドレア","https://shadowverse-wb.com/ja/deck/cardslist/card/?card_id=10343310"
"アポカリプス・パクト",10642310,"赤色流し","ドラゴン","シルバーレア","https://shadowverse-wb.com/ja/deck/cardslist/card/?card_id=10642310"
"伝説の幕開け",10143210,"乙姫の扇","ドラゴン","ゴールドレア","https://shadowverse-wb.com/ja/deck/cardslist/card/?card_id=10143210"
"アポカリプス・パクト",10644120,"旧き天刀・ヴォーラライ","ドラゴン","レジェンド","https://shadowverse-wb.com/ja/deck/cardslist/card/?card_id=10644120"
"インフィニティ・エボルヴ",10241310,"オルカの呼び声","ドラゴン","ブロンズレア","https://shadowverse-wb.com/ja/deck/cardslist/card/?card_id=10241310"
"蒼空の六竜",10441310,"クレッセント・チューブ・ライド","ドラゴン","ブロンズレア","https://shadowverse-wb.com/ja/deck/cardslist/card/?card_id=10441310"
"蒼空の六竜",10442310,"ラヴマックス・ボンバー","ドラゴン","シルバーレア","https://shadowverse-wb.com/ja/deck/cardslist/card/?card_id=10442310"
"花酔遊戯",10543310,"怠惰なる波揺花","ドラゴン","ゴールドレア","https://shadowverse-wb.com/ja/deck/cardslist/card/?card_id=10543310"
"絶傑の継承者",10342210,"侮蔑の国","ドラゴン","シルバーレア","https://shadowverse-wb.com/ja/deck/cardslist/card/?card_id=10342210"
"ベーシック",10051130,"悪辣のレッサーマミー","ナイトメア","ブロンズレア","https://shadowverse-wb.com/ja/deck/cardslist/card/?card_id=10051130"
"伝説の幕開け",10151120,"無名の悪魔","ナイトメア","ブロンズレア","https://shadowverse-wb.com/ja/deck/cardslist/card/?card_id=10151120"
"伝説の幕開け",10152110,"辣腕の死神・ミーノ","ナイトメア","シルバーレア","https://shadowverse-wb.com/ja/deck/cardslist/card/?card_id=10152110"
"伝説の幕開け",10152120,"ナイトメア・ヴェリィ","ナイトメア","シルバーレア","https://shadowverse-wb.com/ja/deck/cardslist/card/?card_id=10152120"
"伝説の幕開け",10153120,"燃え盛る魔剣・オルトロス","ナイトメア","ゴールドレア","https://shadowverse-wb.com/ja/deck/cardslist/card/?card_id=10153120"
"絶傑の継承者",10352120,"フレッシュグレイブキーパー","ナイトメア","シルバーレア","https://shadowverse-wb.com/ja/deck/cardslist/card/?card_id=10352120"
"絶傑の継承者",10354110,"混融の継承者・シャム＝ナクア","ナイトメア","レジェンド","https://shadowverse-wb.com/ja/deck/cardslist/card/?card_id=10354110"
"蒼空の六竜",10451110,"憧憬の鉄槌・アルメイダ","ナイトメア","ブロンズレア","https://shadowverse-wb.com/ja/deck/cardslist/card/?card_id=10451110"
"花酔遊戯",10551110,"リリーブウルフ","ナイトメア","ブロンズレア","https://shadowverse-wb.com/ja/deck/cardslist/card/?card_id=10551110"
"アポカリプス・パクト",10651110,"渇仰の悪魔","ナイトメア","ブロンズレア","https://shadowverse-wb.com/ja/deck/cardslist/card/?card_id=10651110"
"ベーシック",10051310,"カオティックカース","ナイトメア","ブロンズレア","https://shadowverse-wb.com/ja/deck/cardslist/card/?card_id=10051310"
"ベーシック",10052310,"魂の捕食","ナイトメア","シルバーレア","https://shadowverse-wb.com/ja/deck/cardslist/card/?card_id=10052310"
"伝説の幕開け",10153310,"蛇神の怒り","ナイトメア","ゴールドレア","https://shadowverse-wb.com/ja/deck/cardslist/card/?card_id=10153310"
"インフィニティ・エボルヴ",10251310,"カースパーティー","ナイトメア","ブロンズレア","https://shadowverse-wb.com/ja/deck/cardslist/card/?card_id=10251310"
"インフィニティ・エボルヴ",10252310,"蝙蝠の使役","ナイトメア","シルバーレア","https://shadowverse-wb.com/ja/deck/cardslist/card/?card_id=10252310"
"蒼空の六竜",10451310,"ヴァリアントエッジ","ナイトメア","ブロンズレア","https://shadowverse-wb.com/ja/deck/cardslist/card/?card_id=10451310"
"花酔遊戯",10551310,"奥夜花の開戦","ナイトメア","ブロンズレア","https://shadowverse-wb.com/ja/deck/cardslist/card/?card_id=10551310"
"花酔遊戯",10552310,"残虐の炸裂","ナイトメア","シルバーレア","https://shadowverse-wb.com/ja/deck/cardslist/card/?card_id=10552310"
"花酔遊戯",10553310,"厳酷なる奥夜花","ナイトメア","ゴールドレア","https://shadowverse-wb.com/ja/deck/cardslist/card/?card_id=10553310"
"絶傑の継承者",10352210,"混融の城","ナイトメア","シルバーレア","https://shadowverse-wb.com/ja/deck/cardslist/card/?card_id=10352210"
"ベーシック",10061120,"清純なる白狐","ビショップ","ブロンズレア","https://shadowverse-wb.com/ja/deck/cardslist/card/?card_id=10061120"
"伝説の幕開け",10161140,"潜みしマイニュ","ビショップ","ブロンズレア","https://shadowverse-wb.com/ja/deck/cardslist/card/?card_id=10161140"
"伝説の幕開け",10162110,"煌槍のアルミラージ・サリッサ","ビショップ","シルバーレア","https://shadowverse-wb.com/ja/deck/cardslist/card/?card_id=10162110"
"インフィニティ・エボルヴ",10261120,"マリスオラクル・ダムス","ビショップ","ブロンズレア","https://shadowverse-wb.com/ja/deck/cardslist/card/?card_id=10261120"
"絶傑の継承者",10361110,"安息の肯定者","ビショップ","ブロンズレア","https://shadowverse-wb.com/ja/deck/cardslist/card/?card_id=10361110"
"絶傑の継承者",10361120,"聖騎士の団員","ビショップ","ブロンズレア","https://shadowverse-wb.com/ja/deck/cardslist/card/?card_id=10361120"
"蒼空の六竜",10461120,"清く正しい修道女・ラムレッダ","ビショップ","ブロンズレア","https://shadowverse-wb.com/ja/deck/cardslist/card/?card_id=10461120"
"伝説の幕開け",10162210,"禁密の聖地","ビショップ","シルバーレア","https://shadowverse-wb.com/ja/deck/cardslist/card/?card_id=10162210"
"伝説の幕開け",10163210,"獣姫の誓約","ビショップ","ゴールドレア","https://shadowverse-wb.com/ja/deck/cardslist/card/?card_id=10163210"
"インフィニティ・エボルヴ",10261210,"光の香炉","ビショップ","ブロンズレア","https://shadowverse-wb.com/ja/deck/cardslist/card/?card_id=10261210"
"花酔遊戯",10562210,"プロテクションシェル","ビショップ","シルバーレア","https://shadowverse-wb.com/ja/deck/cardslist/card/?card_id=10562210"
"アポカリプス・パクト",10661210,"汚濁の聖水","ビショップ","ブロンズレア","https://shadowverse-wb.com/ja/deck/cardslist/card/?card_id=10661210"
"アポカリプス・パクト",10662210,"救済の聖典","ビショップ","シルバーレア","https://shadowverse-wb.com/ja/deck/cardslist/card/?card_id=10662210"
"ベーシック",10071120,"マリオネットランサー","ネメシス","ブロンズレア","https://shadowverse-wb.com/ja/deck/cardslist/card/?card_id=10071120"
"ベーシック",10072110,"エレクトロウィッパー","ネメシス","シルバーレア","https://shadowverse-wb.com/ja/deck/cardslist/card/?card_id=10072110"
"伝説の幕開け",10171130,"アンストッパブルガンナー","ネメシス","ブロンズレア","https://shadowverse-wb.com/ja/deck/cardslist/card/?card_id=10171130"
"伝説の幕開け",10172120,"愛執のドールユーザー","ネメシス","シルバーレア","https://shadowverse-wb.com/ja/deck/cardslist/card/?card_id=10172120"
"インフィニティ・エボルヴ",10272110,"ハートスローター・フィア","ネメシス","シルバーレア","https://shadowverse-wb.com/ja/deck/cardslist/card/?card_id=10272110"
"インフィニティ・エボルヴ",10273110,"暗獄の残光・ジャスパー","ネメシス","ゴールドレア","https://shadowverse-wb.com/ja/deck/cardslist/card/?card_id=10273110"
"絶傑の継承者",10372110,"破壊の祈祷者","ネメシス","シルバーレア","https://shadowverse-wb.com/ja/deck/cardslist/card/?card_id=10372110"
"蒼空の六竜",10471120,"爆燃の総長・ツバサ","ネメシス","ブロンズレア","https://shadowverse-wb.com/ja/deck/cardslist/card/?card_id=10471120"
"蒼空の六竜",10471130,"報恩の技師・アイザック","ネメシス","ブロンズレア","https://shadowverse-wb.com/ja/deck/cardslist/card/?card_id=10471130"
"花酔遊戯",10572120,"清宵の偶兎","ネメシス","シルバーレア","https://shadowverse-wb.com/ja/deck/cardslist/card/?card_id=10572120"
"花酔遊戯",10574120,"尽小花・イマリ","ネメシス","レジェンド","https://shadowverse-wb.com/ja/deck/cardslist/card/?card_id=10574120"
"アポカリプス・パクト",10674120,"旧き天斧・ヨグゼンタ","ネメシス","レジェンド","https://shadowverse-wb.com/ja/deck/cardslist/card/?card_id=10674120"
"伝説の幕開け",10172310,"命の奔流","ネメシス","シルバーレア","https://shadowverse-wb.com/ja/deck/cardslist/card/?card_id=10172310"
"絶傑の継承者",10373310,"殲滅の歌声","ネメシス","ゴールドレア","https://shadowverse-wb.com/ja/deck/cardslist/card/?card_id=10373310"
"アポカリプス・パクト",10671310,"天斧授与","ネメシス","ブロンズレア","https://shadowverse-wb.com/ja/deck/cardslist/card/?card_id=10671310"
"ベーシック",10072210,"ドールズシアター","ネメシス","シルバーレア","https://shadowverse-wb.com/ja/deck/cardslist/card/?card_id=10072210"
"インフィニティ・エボルヴ",10271210,"アーティファクトカタパルト","ネメシス","ブロンズレア","https://shadowverse-wb.com/ja/deck/cardslist/card/?card_id=10271210"
"絶傑の継承者",10372210,"破壊の荒野","ネメシス","シルバーレア","https://shadowverse-wb.com/ja/deck/cardslist/card/?card_id=10372210"
"ベーシック",10002110,"煌響の使者・アンリエット","ニュートラル","シルバーレア","https://shadowverse-wb.com/ja/deck/cardslist/card/?card_id=10002110"
"伝説の幕開け",10101120,"観察の探偵","ニュートラル","ブロンズレア","https://shadowverse-wb.com/ja/deck/cardslist/card/?card_id=10101120"
"伝説の幕開け",10102110,"迸る光明・アポロン","ニュートラル","シルバーレア","https://shadowverse-wb.com/ja/deck/cardslist/card/?card_id=10102110"
"インフィニティ・エボルヴ",10204120,"颶風の天業・グリームニル","ニュートラル","レジェンド","https://shadowverse-wb.com/ja/deck/cardslist/card/?card_id=10204120"
"絶傑の継承者",10303110,"勇気に満ちし者","ニュートラル","ゴールドレア","https://shadowverse-wb.com/ja/deck/cardslist/card/?card_id=10303110"
"絶傑の継承者",10304120,"干絶の顕現・ギルネリーゼ","ニュートラル","レジェンド","https://shadowverse-wb.com/ja/deck/cardslist/card/?card_id=10304120"
"蒼空の六竜",10402110,"コスモスの御使い・ユニ","ニュートラル","シルバーレア","https://shadowverse-wb.com/ja/deck/cardslist/card/?card_id=10402110"
"伝説の幕開け",10102310,"熾天使の福音","ニュートラル","シルバーレア","https://shadowverse-wb.com/ja/deck/cardslist/card/?card_id=10102310"
"ベーシック",10002210,"冒険者のギルド","ニュートラル","シルバーレア","https://shadowverse-wb.com/ja/deck/cardslist/card/?card_id=10002210"
"絶傑の継承者",10303210,"試練の石板","ニュートラル","ゴールドレア","https://shadowverse-wb.com/ja/deck/cardslist/card/?card_id=10303210"
"アポカリプス・パクト",10602210,"侵略されし世界","ニュートラル","シルバーレア","https://shadowverse-wb.com/ja/deck/cardslist/card/?card_id=10602210"
"伝説の幕開け",10111120,"コンタクトフェアリー","エルフ","ブロンズレア","https://shadowverse-wb.com/ja/deck/cardslist/card/?card_id=10111120"
"伝説の幕開け",10111140,"働きバッタ","エルフ","ブロンズレア","https://shadowverse-wb.com/ja/deck/cardslist/card/?card_id=10111140"
"伝説の幕開け",10113140,"殺戮のリノセウス","エルフ","ゴールドレア","https://shadowverse-wb.com/ja/deck/cardslist/card/?card_id=10113140"
"伝説の幕開け",10114130,"ビギンズブレイダー・アマツ","エルフ","レジェンド","https://shadowverse-wb.com/ja/deck/cardslist/card/?card_id=10114130"
"インフィニティ・エボルヴ",10211110,"ワイルドガール","エルフ","ブロンズレア","https://shadowverse-wb.com/ja/deck/cardslist/card/?card_id=10211110"
"花酔遊戯",10514120,"虫風花・ミロク","エルフ","レジェンド","https://shadowverse-wb.com/ja/deck/cardslist/card/?card_id=10514120"
"アポカリプス・パクト",10611120,"パラダイスモンキー","エルフ","ブロンズレア","https://shadowverse-wb.com/ja/deck/cardslist/card/?card_id=10611120"
"伝説の幕開け",10112310,"薫交の思慕","エルフ","シルバーレア","https://shadowverse-wb.com/ja/deck/cardslist/card/?card_id=10112310"
"花酔遊戯",10512310,"静かなる応援","エルフ","シルバーレア","https://shadowverse-wb.com/ja/deck/cardslist/card/?card_id=10512310"
"花酔遊戯",10513310,"優雅なる虫風花","エルフ","ゴールドレア","https://shadowverse-wb.com/ja/deck/cardslist/card/?card_id=10513310"
"アポカリプス・パクト",10613310,"慈愛の天槍","エルフ","ゴールドレア","https://shadowverse-wb.com/ja/deck/cardslist/card/?card_id=10613310"
"伝説の幕開け",10113210,"聖樹の杖","エルフ","ゴールドレア","https://shadowverse-wb.com/ja/deck/cardslist/card/?card_id=10113210"
"絶傑の継承者",10312210,"不殺の里","エルフ","シルバーレア","https://shadowverse-wb.com/ja/deck/cardslist/card/?card_id=10312210"
"ベーシック",10022120,"魔煌のトリックスター・ラスティ","ロイヤル","シルバーレア","https://shadowverse-wb.com/ja/deck/cardslist/card/?card_id=10022120"
"伝説の幕開け",10121110,"愛の騎士・イアン","ロイヤル","ブロンズレア","https://shadowverse-wb.com/ja/deck/cardslist/card/?card_id=10121110"
"伝説の幕開け",10121130,"救援のルミナスヒーラー・リララ","ロイヤル","ブロンズレア","https://shadowverse-wb.com/ja/deck/cardslist/card/?card_id=10121130"
"伝説の幕開け",10121140,"ミリタリードッグ","ロイヤル","ブロンズレア","https://shadowverse-wb.com/ja/deck/cardslist/card/?card_id=10121140"
"伝説の幕開け",10123120,"サイレントスナイパー・ワルツ","ロイヤル","ゴールドレア","https://shadowverse-wb.com/ja/deck/cardslist/card/?card_id=10123120"
"伝説の幕開け",10124130,"常在戦場・カゲミツ","ロイヤル","レジェンド","https://shadowverse-wb.com/ja/deck/cardslist/card/?card_id=10124130"
"インフィニティ・エボルヴ",10222110,"豪胆なる副団長・ゲルト","ロイヤル","シルバーレア","https://shadowverse-wb.com/ja/deck/cardslist/card/?card_id=10222110"
"インフィニティ・エボルヴ",10223110,"ソードプリンセス・ロゼ","ロイヤル","ゴールドレア","https://shadowverse-wb.com/ja/deck/cardslist/card/?card_id=10223110"
"絶傑の継承者",10324120,"空絶の顕現・オクトリス","ロイヤル","レジェンド","https://shadowverse-wb.com/ja/deck/cardslist/card/?card_id=10324120"
"蒼空の六竜",10421120,"決意の輝竜・アーサー","ロイヤル","ブロンズレア","https://shadowverse-wb.com/ja/deck/cardslist/card/?card_id=10421120"
"蒼空の六竜",10421130,"迷夢の獅子・モルドレッド","ロイヤル","ブロンズレア","https://shadowverse-wb.com/ja/deck/cardslist/card/?card_id=10421130"
"蒼空の六竜",10422120,"燃え滾る闘志・フェザー","ロイヤル","シルバーレア","https://shadowverse-wb.com/ja/deck/cardslist/card/?card_id=10422120"
"花酔遊戯",10521120,"煙管の美玉","ロイヤル","ブロンズレア","https://shadowverse-wb.com/ja/deck/cardslist/card/?card_id=10521120"
"アポカリプス・パクト",10622110,"忠烈の近衛兵","ロイヤル","シルバーレア","https://shadowverse-wb.com/ja/deck/cardslist/card/?card_id=10622110"
"伝説の幕開け",10122310,"王断の威光","ロイヤル","シルバーレア","https://shadowverse-wb.com/ja/deck/cardslist/card/?card_id=10122310"
"花酔遊戯",10523310,"栄耀なる麗金花","ロイヤル","ゴールドレア","https://shadowverse-wb.com/ja/deck/cardslist/card/?card_id=10523310"
"ベーシック",10031110,"閃光の魔法剣士","ウィッチ","ブロンズレア","https://shadowverse-wb.com/ja/deck/cardslist/card/?card_id=10031110"
"伝説の幕開け",10131130,"オウルサモナー","ウィッチ","ブロンズレア","https://shadowverse-wb.com/ja/deck/cardslist/card/?card_id=10131130"
"インフィニティ・エボルヴ",10233110,"マナリアの剣士・オーウェン","ウィッチ","ゴールドレア","https://shadowverse-wb.com/ja/deck/cardslist/card/?card_id=10233110"
"絶傑の継承者",10333110,"真実の団結者","ウィッチ","ゴールドレア","https://shadowverse-wb.com/ja/deck/cardslist/card/?card_id=10333110"
"蒼空の六竜",10431110,"不可思議な哲学者・フィラソピラ","ウィッチ","ブロンズレア","https://shadowverse-wb.com/ja/deck/cardslist/card/?card_id=10431110"
"蒼空の六竜",10433110,"懐旧の送り火・エルモート","ウィッチ","ゴールドレア","https://shadowverse-wb.com/ja/deck/cardslist/card/?card_id=10433110"
"蒼空の六竜",10434110,"水の理・ワムデュス","ウィッチ","レジェンド","https://shadowverse-wb.com/ja/deck/cardslist/card/?card_id=10434110"
"花酔遊戯",10531110,"シェイプウィザード","ウィッチ","ブロンズレア","https://shadowverse-wb.com/ja/deck/cardslist/card/?card_id=10531110"
"アポカリプス・パクト",10632120,"ベンチャーグリモワール","ウィッチ","シルバーレア","https://shadowverse-wb.com/ja/deck/cardslist/card/?card_id=10632120"
"アポカリプス・パクト",10634110,"魔恋の慕情・シイム","ウィッチ","レジェンド","https://shadowverse-wb.com/ja/deck/cardslist/card/?card_id=10634110"
"伝説の幕開け",10132310,"理光の証明","ウィッチ","シルバーレア","https://shadowverse-wb.com/ja/deck/cardslist/card/?card_id=10132310"
"伝説の幕開け",10133310,"宿題やるですぅ！","ウィッチ","ゴールドレア","https://shadowverse-wb.com/ja/deck/cardslist/card/?card_id=10133310"
"インフィニティ・エボルヴ",10232310,"カオスフレイム","ウィッチ","シルバーレア","https://shadowverse-wb.com/ja/deck/cardslist/card/?card_id=10232310"
"アポカリプス・パクト",10633310,"魔恋の天晶","ウィッチ","ゴールドレア","https://shadowverse-wb.com/ja/deck/cardslist/card/?card_id=10633310"
"絶傑の継承者",10332210,"真実の研究施設","ウィッチ","シルバーレア","https://shadowverse-wb.com/ja/deck/cardslist/card/?card_id=10332210"
"伝説の幕開け",10142120,"風を駆る者・エイファ","ドラゴン","シルバーレア","https://shadowverse-wb.com/ja/deck/cardslist/card/?card_id=10142120"
"伝説の幕開け",10142130,"風を読む者・ゼル","ドラゴン","シルバーレア","https://shadowverse-wb.com/ja/deck/cardslist/card/?card_id=10142130"
"伝説の幕開け",10143120,"栄弦の天宮・リュウフウ","ドラゴン","ゴールドレア","https://shadowverse-wb.com/ja/deck/cardslist/card/?card_id=10143120"
"絶傑の継承者",10342120,"オーシャンライダー","ドラゴン","シルバーレア","https://shadowverse-wb.com/ja/deck/cardslist/card/?card_id=10342120"
"蒼空の六竜",10441110,"大海を追う者・ジョエル","ドラゴン","ブロンズレア","https://shadowverse-wb.com/ja/deck/cardslist/card/?card_id=10441110"
"蒼空の六竜",10443110,"どこにでもいるフツーの女の子・メグ","ドラゴン","ゴールドレア","https://shadowverse-wb.com/ja/deck/cardslist/card/?card_id=10443110"
"花酔遊戯",10544120,"波揺花・ユウベ","ドラゴン","レジェンド","https://shadowverse-wb.com/ja/deck/cardslist/card/?card_id=10544120"
"アポカリプス・パクト",10641110,"果断のドラゴニュート","ドラゴン","ブロンズレア","https://shadowverse-wb.com/ja/deck/cardslist/card/?card_id=10641110"
"ベーシック",10042310,"竜の啓示","ドラゴン","シルバーレア","https://shadowverse-wb.com/ja/deck/cardslist/card/?card_id=10042310"
"伝説の幕開け",10142310,"栄弦の奏楽","ドラゴン","シルバーレア","https://shadowverse-wb.com/ja/deck/cardslist/card/?card_id=10142310"
"絶傑の継承者",10341310,"サンダーレイジ","ドラゴン","ブロンズレア","https://shadowverse-wb.com/ja/deck/cardslist/card/?card_id=10341310"
"花酔遊戯",10541310,"波揺花の断裁","ドラゴン","ブロンズレア","https://shadowverse-wb.com/ja/deck/cardslist/card/?card_id=10541310"
"ベーシック",10051120,"夜の鬼人","ナイトメア","ブロンズレア","https://shadowverse-wb.com/ja/deck/cardslist/card/?card_id=10051120"
"伝説の幕開け",10151110,"ミッドナイトヴァンパイア・エラル","ナイトメア","ブロンズレア","https://shadowverse-wb.com/ja/deck/cardslist/card/?card_id=10151110"
"伝説の幕開け",10151130,"ボーンガール","ナイトメア","ブロンズレア","https://shadowverse-wb.com/ja/deck/cardslist/card/?card_id=10151130"
"伝説の幕開け",10153140,"闇の賞金稼ぎ・バルト","ナイトメア","ゴールドレア","https://shadowverse-wb.com/ja/deck/cardslist/card/?card_id=10153140"
"インフィニティ・エボルヴ",10252110,"ブラストウィング・ピユラ","ナイトメア","シルバーレア","https://shadowverse-wb.com/ja/deck/cardslist/card/?card_id=10252110"
"インフィニティ・エボルヴ",10253110,"クルーエルウォー・ラウラ","ナイトメア","ゴールドレア","https://shadowverse-wb.com/ja/deck/cardslist/card/?card_id=10253110"
"絶傑の継承者",10351110,"混融の肯定者","ナイトメア","ブロンズレア","https://shadowverse-wb.com/ja/deck/cardslist/card/?card_id=10351110"
"蒼空の六竜",10452120,"愛の旅人・サテュロス","ナイトメア","シルバーレア","https://shadowverse-wb.com/ja/deck/cardslist/card/?card_id=10452120"
"蒼空の六竜",10452130,"元素の共鳴・バアル","ナイトメア","シルバーレア","https://shadowverse-wb.com/ja/deck/cardslist/card/?card_id=10452130"
"花酔遊戯",10552110,"トラブルネクロマンサー","ナイトメア","シルバーレア","https://shadowverse-wb.com/ja/deck/cardslist/card/?card_id=10552110"
"アポカリプス・パクト",10651120,"ゴーストエスケーパー","ナイトメア","ブロンズレア","https://shadowverse-wb.com/ja/deck/cardslist/card/?card_id=10651120"
"アポカリプス・パクト",10652110,"渇欲のネクロマンサー","ナイトメア","シルバーレア","https://shadowverse-wb.com/ja/deck/cardslist/card/?card_id=10652110"
"アポカリプス・パクト",10654120,"旧き天眼・ビバティー","ナイトメア","レジェンド","https://shadowverse-wb.com/ja/deck/cardslist/card/?card_id=10654120"
"絶傑の継承者",10353310,"叫喚と憎悪","ナイトメア","ゴールドレア","https://shadowverse-wb.com/ja/deck/cardslist/card/?card_id=10353310"
"アポカリプス・パクト",10651310,"天眼授与","ナイトメア","ブロンズレア","https://shadowverse-wb.com/ja/deck/cardslist/card/?card_id=10651310"
"アポカリプス・パクト",10653310,"枯渇の天眼","ナイトメア","ゴールドレア","https://shadowverse-wb.com/ja/deck/cardslist/card/?card_id=10653310"
"伝説の幕開け",10152210,"瞑地の霊園","ナイトメア","シルバーレア","https://shadowverse-wb.com/ja/deck/cardslist/card/?card_id=10152210"
"伝説の幕開け",10161110,"聖心のプリズムプリースト","ビショップ","ブロンズレア","https://shadowverse-wb.com/ja/deck/cardslist/card/?card_id=10161110"
"伝説の幕開け",10161120,"セイントシールダー","ビショップ","ブロンズレア","https://shadowverse-wb.com/ja/deck/cardslist/card/?card_id=10161120"
"インフィニティ・エボルヴ",10261110,"粉砕の聖職者","ビショップ","ブロンズレア","https://shadowverse-wb.com/ja/deck/cardslist/card/?card_id=10261110"
"インフィニティ・エボルヴ",10262110,"バラージエクソシスト・コレット","ビショップ","シルバーレア","https://shadowverse-wb.com/ja/deck/cardslist/card/?card_id=10262110"
"絶傑の継承者",10362110,"安息の祈祷者","ビショップ","シルバーレア","https://shadowverse-wb.com/ja/deck/cardslist/card/?card_id=10362110"
"蒼空の六竜",10461110,"英雄幻視・トルー","ビショップ","ブロンズレア","https://shadowverse-wb.com/ja/deck/cardslist/card/?card_id=10461110"
"蒼空の六竜",10464110,"土の理・ガレヲン","ビショップ","レジェンド","https://shadowverse-wb.com/ja/deck/cardslist/card/?card_id=10464110"
"花酔遊戯",10561110,"フォアサイトプリースト","ビショップ","ブロンズレア","https://shadowverse-wb.com/ja/deck/cardslist/card/?card_id=10561110"
"花酔遊戯",10561310,"霧巻花の激憤","ビショップ","ブロンズレア","https://shadowverse-wb.com/ja/deck/cardslist/card/?card_id=10561310"
"アポカリプス・パクト",10661310,"天書授与","ビショップ","ブロンズレア","https://shadowverse-wb.com/ja/deck/cardslist/card/?card_id=10661310"
"伝説の幕開け",10162220,"セイクリッドインジェクション","ビショップ","シルバーレア","https://shadowverse-wb.com/ja/deck/cardslist/card/?card_id=10162220"
"絶傑の継承者",10362210,"安息の神殿","ビショップ","シルバーレア","https://shadowverse-wb.com/ja/deck/cardslist/card/?card_id=10362210"
"絶傑の継承者",10362220,"有翼の獅子像","ビショップ","シルバーレア","https://shadowverse-wb.com/ja/deck/cardslist/card/?card_id=10362220"
"蒼空の六竜",10463210,"レ・フィーエの宝石","ビショップ","ゴールドレア","https://shadowverse-wb.com/ja/deck/cardslist/card/?card_id=10463210"
"花酔遊戯",10563210,"堅固なる霧巻花","ビショップ","ゴールドレア","https://shadowverse-wb.com/ja/deck/cardslist/card/?card_id=10563210"
"ベーシック",10071110,"砲撃の猫獣人","ネメシス","ブロンズレア","https://shadowverse-wb.com/ja/deck/cardslist/card/?card_id=10071110"
"伝説の幕開け",10171140,"オートマタアサシン","ネメシス","ブロンズレア","https://shadowverse-wb.com/ja/deck/cardslist/card/?card_id=10171140"
"伝説の幕開け",10173110,"レゾリューション・ミリアム","ネメシス","ゴールドレア","https://shadowverse-wb.com/ja/deck/cardslist/card/?card_id=10173110"
"伝説の幕開け",10174110,"新たなる少女・エース","ネメシス","レジェンド","https://shadowverse-wb.com/ja/deck/cardslist/card/?card_id=10174110"
"絶傑の継承者",10374110,"破壊の継承者・アクシア","ネメシス","レジェンド","https://shadowverse-wb.com/ja/deck/cardslist/card/?card_id=10374110"
"蒼空の六竜",10471110,"再起の夜王・ショウ","ネメシス","ブロンズレア","https://shadowverse-wb.com/ja/deck/cardslist/card/?card_id=10471110"
"花酔遊戯",10574110,"廻る《運命の輪》・スロース","ネメシス","レジェンド","https://shadowverse-wb.com/ja/deck/cardslist/card/?card_id=10574110"
"伝説の幕開け",10171310,"人形の身代わり","ネメシス","ブロンズレア","https://shadowverse-wb.com/ja/deck/cardslist/card/?card_id=10171310"
"蒼空の六竜",10472310,"ストーン・ブレイク","ネメシス","シルバーレア","https://shadowverse-wb.com/ja/deck/cardslist/card/?card_id=10472310"
"アポカリプス・パクト",10673310,"劣悪の天斧","ネメシス","ゴールドレア","https://shadowverse-wb.com/ja/deck/cardslist/card/?card_id=10673310"
"ベーシック",10001130,"激震のゴリアテ","ニュートラル","ブロンズレア","https://shadowverse-wb.com/ja/deck/cardslist/card/?card_id=10001130"
"絶傑の継承者",10301110,"干絶の使徒","ニュートラル","ブロンズレア","https://shadowverse-wb.com/ja/deck/cardslist/card/?card_id=10301110"
"絶傑の継承者",10304110,"絶大の顕現・マゼルベイン","ニュートラル","レジェンド","https://shadowverse-wb.com/ja/deck/cardslist/card/?card_id=10304110"
"蒼空の六竜",10403110,"蒼い空を征く騎空士・グラン＆ジータ","ニュートラル","ゴールドレア","https://shadowverse-wb.com/ja/deck/cardslist/card/?card_id=10403110"
"花酔遊戯",10502120,"軍配の偉丈夫","ニュートラル","シルバーレア","https://shadowverse-wb.com/ja/deck/cardslist/card/?card_id=10502120"
"伝説の幕開け",10103310,"神の雷霆","ニュートラル","ゴールドレア","https://shadowverse-wb.com/ja/deck/cardslist/card/?card_id=10103310"
"絶傑の継承者",10301310,"至高の凌駕","ニュートラル","ブロンズレア","https://shadowverse-wb.com/ja/deck/cardslist/card/?card_id=10301310"
"アポカリプス・パクト",10603210,"暗黒次元","ニュートラル","ゴールドレア","https://shadowverse-wb.com/ja/deck/cardslist/card/?card_id=10603210"
"ベーシック",10011130,"温厚なるトレント","エルフ","ブロンズレア","https://shadowverse-wb.com/ja/deck/cardslist/card/?card_id=10011130"
"伝説の幕開け",10111150,"言の葉のエルダーウィードマン","エルフ","ブロンズレア","https://shadowverse-wb.com/ja/deck/cardslist/card/?card_id=10111150"
"インフィニティ・エボルヴ",10213110,"フォレストシバルリー・シンシア","エルフ","ゴールドレア","https://shadowverse-wb.com/ja/deck/cardslist/card/?card_id=10213110"
"インフィニティ・エボルヴ",10214110,"翅の女王・ティターニア","エルフ","レジェンド","https://shadowverse-wb.com/ja/deck/cardslist/card/?card_id=10214110"
"絶傑の継承者",10312120,"樹海の戦士","エルフ","シルバーレア","https://shadowverse-wb.com/ja/deck/cardslist/card/?card_id=10312120"
"絶傑の継承者",10314110,"不殺の継承者・クルル","エルフ","レジェンド","https://shadowverse-wb.com/ja/deck/cardslist/card/?card_id=10314110"
"インフィニティ・エボルヴ",10242210,"炎竜の剣","ドラゴン","シルバーレア","https://shadowverse-wb.com/ja/deck/cardslist/card/?card_id=10242210"
"ベーシック",10052110,"魅惑のサキュバス・リリム","ナイトメア","シルバーレア","https://shadowverse-wb.com/ja/deck/cardslist/card/?card_id=10052110"
"インフィニティ・エボルヴ",10251120,"怨恨の栽培者","ナイトメア","ブロンズレア","https://shadowverse-wb.com/ja/deck/cardslist/card/?card_id=10251120"
"伝説の幕開け",10151310,"死神の一振り","ナイトメア","ブロンズレア","https://shadowverse-wb.com/ja/deck/cardslist/card/?card_id=10151310"
"蒼空の六竜",10463110,"魔杖の外科医・ティコ","ビショップ","ゴールドレア","https://shadowverse-wb.com/ja/deck/cardslist/card/?card_id=10463110"
"花酔遊戯",10561120,"結びの使徒","ビショップ","ブロンズレア","https://shadowverse-wb.com/ja/deck/cardslist/card/?card_id=10561120"
"インフィニティ・エボルヴ",10262310,"ディバインガード","ビショップ","シルバーレア","https://shadowverse-wb.com/ja/deck/cardslist/card/?card_id=10262310"
"ベーシック",10062210,"有翼の石像","ビショップ","シルバーレア","https://shadowverse-wb.com/ja/deck/cardslist/card/?card_id=10062210"
"伝説の幕開け",10161210,"穏やかなる教会","ビショップ","ブロンズレア","https://shadowverse-wb.com/ja/deck/cardslist/card/?card_id=10161210"
"伝説の幕開け",10171110,"ビビッドインベンター・イリス","ネメシス","ブロンズレア","https://shadowverse-wb.com/ja/deck/cardslist/card/?card_id=10171110"
"インフィニティ・エボルヴ",10271120,"パペットキャット","ネメシス","ブロンズレア","https://shadowverse-wb.com/ja/deck/cardslist/card/?card_id=10271120"
"伝説の幕開け",10171320,"アーティファクトチャージ","ネメシス","ブロンズレア","https://shadowverse-wb.com/ja/deck/cardslist/card/?card_id=10171320"
"インフィニティ・エボルヴ",10272310,"イカロスの飛翔","ネメシス","シルバーレア","https://shadowverse-wb.com/ja/deck/cardslist/card/?card_id=10272310"
"花酔遊戯",10571310,"尽小花の照臨","ネメシス","ブロンズレア","https://shadowverse-wb.com/ja/deck/cardslist/card/?card_id=10571310"
"花酔遊戯",10572310,"リヴァイブチューニング","ネメシス","シルバーレア","https://shadowverse-wb.com/ja/deck/cardslist/card/?card_id=10572310"
"花酔遊戯",10573310,"誠心なる尽小花","ネメシス","ゴールドレア","https://shadowverse-wb.com/ja/deck/cardslist/card/?card_id=10573310"
"ベーシック",10001110,"不屈のファイター","ニュートラル","ブロンズレア","https://shadowverse-wb.com/ja/deck/cardslist/card/?card_id=10001110"
"ベーシック",10001120,"ベルエンジェル・リア","ニュートラル","ブロンズレア","https://shadowverse-wb.com/ja/deck/cardslist/card/?card_id=10001120"
"伝説の幕開け",10101110,"グリードケルブ・ルビィ","ニュートラル","ブロンズレア","https://shadowverse-wb.com/ja/deck/cardslist/card/?card_id=10101110"
"伝説の幕開け",10103110,"楽朗の天宮・フィルドア","ニュートラル","ゴールドレア","https://shadowverse-wb.com/ja/deck/cardslist/card/?card_id=10103110"
"インフィニティ・エボルヴ",10202110,"メイドエンジェル・チェレッタ","ニュートラル","シルバーレア","https://shadowverse-wb.com/ja/deck/cardslist/card/?card_id=10202110"
"インフィニティ・エボルヴ",10203120,"雷火の双神・フニカル＆ヤヴンハール","ニュートラル","ゴールドレア","https://shadowverse-wb.com/ja/deck/cardslist/card/?card_id=10203120"
"絶傑の継承者",10302110,"嘆きに立ちし者","ニュートラル","シルバーレア","https://shadowverse-wb.com/ja/deck/cardslist/card/?card_id=10302110"
"蒼空の六竜",10401120,"愛すべき相棒・ビィ","ニュートラル","ブロンズレア","https://shadowverse-wb.com/ja/deck/cardslist/card/?card_id=10401120"
"蒼空の六竜",10403120,"空の命運を握る少女・ルリア","ニュートラル","ゴールドレア","https://shadowverse-wb.com/ja/deck/cardslist/card/?card_id=10403120"
"アポカリプス・パクト",10601110,"混濁せし民","ニュートラル","ブロンズレア","https://shadowverse-wb.com/ja/deck/cardslist/card/?card_id=10601110"
"インフィニティ・エボルヴ",10201310,"リバースチェンジ","ニュートラル","ブロンズレア","https://shadowverse-wb.com/ja/deck/cardslist/card/?card_id=10201310"
"ベーシック",10001210,"探偵のルーペ","ニュートラル","ブロンズレア","https://shadowverse-wb.com/ja/deck/cardslist/card/?card_id=10001210"
"ベーシック",10011110,"フェアリーテイマー","エルフ","ブロンズレア","https://shadowverse-wb.com/ja/deck/cardslist/card/?card_id=10011110"
"ベーシック",10011120,"ストレイビーストマン","エルフ","ブロンズレア","https://shadowverse-wb.com/ja/deck/cardslist/card/?card_id=10011120"
"蒼空の六竜",10411120,"カワイイ花マル・マナマル","エルフ","ブロンズレア","https://shadowverse-wb.com/ja/deck/cardslist/card/?card_id=10411120"
"蒼空の六竜",10413110,"虹色の弓使い・クピタン","エルフ","ゴールドレア","https://shadowverse-wb.com/ja/deck/cardslist/card/?card_id=10413110"
"アポカリプス・パクト",10611110,"慈育の森人","エルフ","ブロンズレア","https://shadowverse-wb.com/ja/deck/cardslist/card/?card_id=10611110"
"ベーシック",10021120,"バトルマーチャント","ロイヤル","ブロンズレア","https://shadowverse-wb.com/ja/deck/cardslist/card/?card_id=10021120"
"伝説の幕開け",10123130,"王断の天宮・スタチウム","ロイヤル","ゴールドレア","https://shadowverse-wb.com/ja/deck/cardslist/card/?card_id=10123130"
"インフィニティ・エボルヴ",10222120,"オーディナリーナイト・ラキル","ロイヤル","シルバーレア","https://shadowverse-wb.com/ja/deck/cardslist/card/?card_id=10222120"
"絶傑の継承者",10323110,"簒奪の団結者","ロイヤル","ゴールドレア","https://shadowverse-wb.com/ja/deck/cardslist/card/?card_id=10323110"
"蒼空の六竜",10422130,"花開く筋肉・フィオリト","ロイヤル","シルバーレア","https://shadowverse-wb.com/ja/deck/cardslist/card/?card_id=10422130"
"蒼空の六竜",10424110,"真紅と群青・ゼタ＆ベアトリクス","ロイヤル","レジェンド","https://shadowverse-wb.com/ja/deck/cardslist/card/?card_id=10424110"
"蒼空の六竜",10424120,"十天衆の頭目・シエテ","ロイヤル","レジェンド","https://shadowverse-wb.com/ja/deck/cardslist/card/?card_id=10424120"
"花酔遊戯",10523110,"不動の将校","ロイヤル","ゴールドレア","https://shadowverse-wb.com/ja/deck/cardslist/card/?card_id=10523110"
"アポカリプス・パクト",10621120,"レイジーメイド","ロイヤル","ブロンズレア","https://shadowverse-wb.com/ja/deck/cardslist/card/?card_id=10621120"
"アポカリプス・パクト",10623110,"苛烈の参謀","ロイヤル","ゴールドレア","https://shadowverse-wb.com/ja/deck/cardslist/card/?card_id=10623110"
"伝説の幕開け",10121310,"剣士の斬撃","ロイヤル","ブロンズレア","https://shadowverse-wb.com/ja/deck/cardslist/card/?card_id=10121310"
"ベーシック",10022210,"正統なる王冠","ロイヤル","シルバーレア","https://shadowverse-wb.com/ja/deck/cardslist/card/?card_id=10022210"
"ベーシック",10032110,"相貌の魔女・レミラミ","ウィッチ","シルバーレア","https://shadowverse-wb.com/ja/deck/cardslist/card/?card_id=10032110"
"伝説の幕開け",10131140,"夢想のペンギンウィザード","ウィッチ","ブロンズレア","https://shadowverse-wb.com/ja/deck/cardslist/card/?card_id=10131140"
"伝説の幕開け",10133130,"理光の天宮・エーデルワイス","ウィッチ","ゴールドレア","https://shadowverse-wb.com/ja/deck/cardslist/card/?card_id=10133130"
"インフィニティ・エボルヴ",10232120,"調香の魔術師","ウィッチ","シルバーレア","https://shadowverse-wb.com/ja/deck/cardslist/card/?card_id=10232120"
"絶傑の継承者",10331120,"五行の修行者","ウィッチ","ブロンズレア","https://shadowverse-wb.com/ja/deck/cardslist/card/?card_id=10331120"
"蒼空の六竜",10434120,"天才美少女錬金術師・カリオストロ","ウィッチ","レジェンド","https://shadowverse-wb.com/ja/deck/cardslist/card/?card_id=10434120"
"花酔遊戯",10532110,"インソムニアウィッチ","ウィッチ","シルバーレア","https://shadowverse-wb.com/ja/deck/cardslist/card/?card_id=10532110"
"アポカリプス・パクト",10633110,"魔酔の教師","ウィッチ","ゴールドレア","https://shadowverse-wb.com/ja/deck/cardslist/card/?card_id=10633110"
"ベーシック",10032310,"イラプション","ウィッチ","シルバーレア","https://shadowverse-wb.com/ja/deck/cardslist/card/?card_id=10032310"
"インフィニティ・エボルヴ",10231310,"アイスピアース","ウィッチ","ブロンズレア","https://shadowverse-wb.com/ja/deck/cardslist/card/?card_id=10231310"
"絶傑の継承者",10331310,"クリスタルゲイジング","ウィッチ","ブロンズレア","https://shadowverse-wb.com/ja/deck/cardslist/card/?card_id=10331310"
"絶傑の継承者",10332310,"デュアルクリエイト","ウィッチ","シルバーレア","https://shadowverse-wb.com/ja/deck/cardslist/card/?card_id=10332310"
"蒼空の六竜",10432310,"アンリーシュ","ウィッチ","シルバーレア","https://shadowverse-wb.com/ja/deck/cardslist/card/?card_id=10432310"
"ベーシック",10042110,"猛撃のドラゴンウォーリアー","ドラゴン","シルバーレア","https://shadowverse-wb.com/ja/deck/cardslist/card/?card_id=10042110"
"伝説の幕開け",10141130,"駆け出しのドラゴンスレイヤー","ドラゴン","ブロンズレア","https://shadowverse-wb.com/ja/deck/cardslist/card/?card_id=10141130"
"伝説の幕開け",10141150,"白鱗の御使い","ドラゴン","ブロンズレア","https://shadowverse-wb.com/ja/deck/cardslist/card/?card_id=10141150"
"伝説の幕開け",10142140,"艶麗なる竜人・マリオン","ドラゴン","シルバーレア","https://shadowverse-wb.com/ja/deck/cardslist/card/?card_id=10142140"
"アポカリプス・パクト",10642110,"即断の剣聖","ドラゴン","シルバーレア","https://shadowverse-wb.com/ja/deck/cardslist/card/?card_id=10642110"
"花酔遊戯",10542310,"プロミネンスロア","ドラゴン","シルバーレア","https://shadowverse-wb.com/ja/deck/cardslist/card/?card_id=10542310"
"アポカリプス・パクト",10641310,"天刀授与","ドラゴン","ブロンズレア","https://shadowverse-wb.com/ja/deck/cardslist/card/?card_id=10641310"
"ベーシック",10052120,"ラバーズネクロマンサー","ナイトメア","シルバーレア","https://shadowverse-wb.com/ja/deck/cardslist/card/?card_id=10052120"
"伝説の幕開け",10152130,"怪奇の探索者・ユナ","ナイトメア","シルバーレア","https://shadowverse-wb.com/ja/deck/cardslist/card/?card_id=10152130"
"伝説の幕開け",10153110,"青薔薇の令嬢・セレス","ナイトメア","ゴールドレア","https://shadowverse-wb.com/ja/deck/cardslist/card/?card_id=10153110"
"伝説の幕開け",10153130,"瞑地の天宮・ムカン","ナイトメア","ゴールドレア","https://shadowverse-wb.com/ja/deck/cardslist/card/?card_id=10153130"
"インフィニティ・エボルヴ",10253120,"ノクターンジェネラル・エクセラ","ナイトメア","ゴールドレア","https://shadowverse-wb.com/ja/deck/cardslist/card/?card_id=10253120"
"絶傑の継承者",10352110,"混融の祈祷者","ナイトメア","シルバーレア","https://shadowverse-wb.com/ja/deck/cardslist/card/?card_id=10352110"
"花酔遊戯",10551120,"紅札の魂魄使い","ナイトメア","ブロンズレア","https://shadowverse-wb.com/ja/deck/cardslist/card/?card_id=10551120"
"アポカリプス・パクト",10652120,"ロストラブデビル","ナイトメア","シルバーレア","https://shadowverse-wb.com/ja/deck/cardslist/card/?card_id=10652120"
"絶傑の継承者",10351310,"暴虐の行進","ナイトメア","ブロンズレア","https://shadowverse-wb.com/ja/deck/cardslist/card/?card_id=10351310"
"ベーシック",10061130,"ウィングウォーリアー","ビショップ","ブロンズレア","https://shadowverse-wb.com/ja/deck/cardslist/card/?card_id=10061130"
"ベーシック",10062110,"鉄拳の神父","ビショップ","シルバーレア","https://shadowverse-wb.com/ja/deck/cardslist/card/?card_id=10062110"
"伝説の幕開け",10162120,"煌翼のフェザーフォルク・リノ","ビショップ","シルバーレア","https://shadowverse-wb.com/ja/deck/cardslist/card/?card_id=10162120"
"伝説の幕開け",10163120,"禁密の天宮・ロナヴェロ","ビショップ","ゴールドレア","https://shadowverse-wb.com/ja/deck/cardslist/card/?card_id=10163120"
"絶傑の継承者",10364120,"絶望の顕現・マーウィン","ビショップ","レジェンド","https://shadowverse-wb.com/ja/deck/cardslist/card/?card_id=10364120"
"蒼空の六竜",10462110,"砂神の巫女・サラ","ビショップ","シルバーレア","https://shadowverse-wb.com/ja/deck/cardslist/card/?card_id=10462110"
"蒼空の六竜",10462120,"ゼエン教の僧侶・ソフィア","ビショップ","シルバーレア","https://shadowverse-wb.com/ja/deck/cardslist/card/?card_id=10462120"
"花酔遊戯",10564110,"想う《力》・ソフィーナ","ビショップ","レジェンド","https://shadowverse-wb.com/ja/deck/cardslist/card/?card_id=10564110"
"アポカリプス・パクト",10662110,"崇敬の塗布者","ビショップ","シルバーレア","https://shadowverse-wb.com/ja/deck/cardslist/card/?card_id=10662110"
"アポカリプス・パクト",10664110,"崇高の憎悪・カンディマ","ビショップ","レジェンド","https://shadowverse-wb.com/ja/deck/cardslist/card/?card_id=10664110"
"インフィニティ・エボルヴ",10263310,"狂おしき恩寵","ビショップ","ゴールドレア","https://shadowverse-wb.com/ja/deck/cardslist/card/?card_id=10263310"
"絶傑の継承者",10361310,"セイントフラッシュ","ビショップ","ブロンズレア","https://shadowverse-wb.com/ja/deck/cardslist/card/?card_id=10361310"
"ベーシック",10061210,"投影の鳥像","ビショップ","ブロンズレア","https://shadowverse-wb.com/ja/deck/cardslist/card/?card_id=10061210"
"絶傑の継承者",10363210,"輝く失意","ビショップ","ゴールドレア","https://shadowverse-wb.com/ja/deck/cardslist/card/?card_id=10363210"
"蒼空の六竜",10462210,"空を征く艇","ビショップ","シルバーレア","https://shadowverse-wb.com/ja/deck/cardslist/card/?card_id=10462210"
"アポカリプス・パクト",10663210,"崇高の天書","ビショップ","ゴールドレア","https://shadowverse-wb.com/ja/deck/cardslist/card/?card_id=10663210"
"伝説の幕開け",10172110,"ストラグルリーダー・ルキナ","ネメシス","シルバーレア","https://shadowverse-wb.com/ja/deck/cardslist/card/?card_id=10172110"
"絶傑の継承者",10371110,"破壊の肯定者","ネメシス","ブロンズレア","https://shadowverse-wb.com/ja/deck/cardslist/card/?card_id=10371110"
"絶傑の継承者",10374120,"奏絶の顕現・リーシェナ","ネメシス","レジェンド","https://shadowverse-wb.com/ja/deck/cardslist/card/?card_id=10374120"
"花酔遊戯",10571110,"ステージメーカー","ネメシス","ブロンズレア","https://shadowverse-wb.com/ja/deck/cardslist/card/?card_id=10571110"
"花酔遊戯",10572110,"ネオジオグラファー","ネメシス","シルバーレア","https://shadowverse-wb.com/ja/deck/cardslist/card/?card_id=10572110"
"アポカリプス・パクト",10672120,"小胆のパイオニア","ネメシス","シルバーレア","https://shadowverse-wb.com/ja/deck/cardslist/card/?card_id=10672120"
"ベーシック",10071310,"異次元からの銃撃","ネメシス","ブロンズレア","https://shadowverse-wb.com/ja/deck/cardslist/card/?card_id=10071310"
"絶傑の継承者",10371310,"ストリングアサルト","ネメシス","ブロンズレア","https://shadowverse-wb.com/ja/deck/cardslist/card/?card_id=10371310"
"蒼空の六竜",10401110,"空駆ける庇護者・カタリナ","ニュートラル","ブロンズレア","https://shadowverse-wb.com/ja/deck/cardslist/card/?card_id=10401110"
"花酔遊戯",10502110,"スターライトゴッデス","ニュートラル","シルバーレア","https://shadowverse-wb.com/ja/deck/cardslist/card/?card_id=10502110"
"アポカリプス・パクト",10601120,"這い寄られし者","ニュートラル","ブロンズレア","https://shadowverse-wb.com/ja/deck/cardslist/card/?card_id=10601120"
"伝説の幕開け",10101310,"ゴブリンの襲撃","ニュートラル","ブロンズレア","https://shadowverse-wb.com/ja/deck/cardslist/card/?card_id=10101310"
"花酔遊戯",10503310,"《世界》の提示","ニュートラル","ゴールドレア","https://shadowverse-wb.com/ja/deck/cardslist/card/?card_id=10503310"
"伝説の幕開け",10113120,"薫交の天宮・バックウッド","エルフ","ゴールドレア","https://shadowverse-wb.com/ja/deck/cardslist/card/?card_id=10113120"
"インフィニティ・エボルヴ",10211120,"木槌のドワーフ","エルフ","ブロンズレア","https://shadowverse-wb.com/ja/deck/cardslist/card/?card_id=10211120"
"蒼空の六竜",10412120,"緋焔の踊り子・アンスリア","エルフ","シルバーレア","https://shadowverse-wb.com/ja/deck/cardslist/card/?card_id=10412120"
"蒼空の六竜",10414120,"調和の舞手・ユエル＆ソシエ","エルフ","レジェンド","https://shadowverse-wb.com/ja/deck/cardslist/card/?card_id=10414120"
"花酔遊戯",10511120,"森羽子板の匠","エルフ","ブロンズレア","https://shadowverse-wb.com/ja/deck/cardslist/card/?card_id=10511120"
"花酔遊戯",10512120,"和気藹々の妖精","エルフ","シルバーレア","https://shadowverse-wb.com/ja/deck/cardslist/card/?card_id=10512120"
"花酔遊戯",10513110,"導きの船頭","エルフ","ゴールドレア","https://shadowverse-wb.com/ja/deck/cardslist/card/?card_id=10513110"
"アポカリプス・パクト",10613110,"慈恵の側近","エルフ","ゴールドレア","https://shadowverse-wb.com/ja/deck/cardslist/card/?card_id=10613110"
"アポカリプス・パクト",10612310,"大輪への献上","エルフ","シルバーレア","https://shadowverse-wb.com/ja/deck/cardslist/card/?card_id=10612310"
"伝説の幕開け",10122120,"卓越のルミナスメイジ","ロイヤル","シルバーレア","https://shadowverse-wb.com/ja/deck/cardslist/card/?card_id=10122120"
"伝説の幕開け",10124110,"レヴィオンの迅雷・アルベール","ロイヤル","レジェンド","https://shadowverse-wb.com/ja/deck/cardslist/card/?card_id=10124110"
"インフィニティ・エボルヴ",10221120,"暗闘のニンジャマスター","ロイヤル","ブロンズレア","https://shadowverse-wb.com/ja/deck/cardslist/card/?card_id=10221120"
"絶傑の継承者",10322120,"スナッピースカウト","ロイヤル","シルバーレア","https://shadowverse-wb.com/ja/deck/cardslist/card/?card_id=10322120"
"花酔遊戯",10524120,"麗金花・ウンケイ","ロイヤル","レジェンド","https://shadowverse-wb.com/ja/deck/cardslist/card/?card_id=10524120"
"蒼空の六竜",10423310,"リッター・シュナイト","ロイヤル","ゴールドレア","https://shadowverse-wb.com/ja/deck/cardslist/card/?card_id=10423310"
"アポカリプス・パクト",10621310,"天剣授与","ロイヤル","ブロンズレア","https://shadowverse-wb.com/ja/deck/cardslist/card/?card_id=10621310"
"伝説の幕開け",10131110,"ルーンブレイドコンダクター","ウィッチ","ブロンズレア","https://shadowverse-wb.com/ja/deck/cardslist/card/?card_id=10131110"
"伝説の幕開け",10132120,"ワンダーウィッチ・エミル","ウィッチ","シルバーレア","https://shadowverse-wb.com/ja/deck/cardslist/card/?card_id=10132120"
"伝説の幕開け",10133110,"黎明の錬金術師・ノノ","ウィッチ","ゴールドレア","https://shadowverse-wb.com/ja/deck/cardslist/card/?card_id=10133110"
"伝説の幕開け",10134120,"マナリアフレンズ・アン＆グレア","ウィッチ","レジェンド","https://shadowverse-wb.com/ja/deck/cardslist/card/?card_id=10134120"
"インフィニティ・エボルヴ",10232110,"否定の詠唱・バーゼント","ウィッチ","シルバーレア","https://shadowverse-wb.com/ja/deck/cardslist/card/?card_id=10232110"
"絶傑の継承者",10332110,"真実の祈祷者","ウィッチ","シルバーレア","https://shadowverse-wb.com/ja/deck/cardslist/card/?card_id=10332110"
"蒼空の六竜",10432120,"辛苦の旅路・ミレイユ＆リゼット","ウィッチ","シルバーレア","https://shadowverse-wb.com/ja/deck/cardslist/card/?card_id=10432120"
"アポカリプス・パクト",10632110,"魔境の生徒","ウィッチ","シルバーレア","https://shadowverse-wb.com/ja/deck/cardslist/card/?card_id=10632110"
"ベーシック",10042120,"咆哮の竜使い","ドラゴン","シルバーレア","https://shadowverse-wb.com/ja/deck/cardslist/card/?card_id=10042120"
"伝説の幕開け",10141120,"海溝の大剣竜","ドラゴン","ブロンズレア","https://shadowverse-wb.com/ja/deck/cardslist/card/?card_id=10141120"
"インフィニティ・エボルヴ",10242120,"歴戦のマーマン","ドラゴン","シルバーレア","https://shadowverse-wb.com/ja/deck/cardslist/card/?card_id=10242120"
"絶傑の継承者",10342110,"侮蔑の祈祷者","ドラゴン","シルバーレア","https://shadowverse-wb.com/ja/deck/cardslist/card/?card_id=10342110"
"絶傑の継承者",10344120,"烈絶の顕現・ガルミーユ","ドラゴン","レジェンド","https://shadowverse-wb.com/ja/deck/cardslist/card/?card_id=10344120"
"蒼空の六竜",10442110,"凍てつく定め・イシュミール","ドラゴン","シルバーレア","https://shadowverse-wb.com/ja/deck/cardslist/card/?card_id=10442110"
"蒼空の六竜",10444120,"世界の味方・ゾーイ","ドラゴン","レジェンド","https://shadowverse-wb.com/ja/deck/cardslist/card/?card_id=10444120"
"蒼空の六竜",10443310,"星晶獣の吸収","ドラゴン","ゴールドレア","https://shadowverse-wb.com/ja/deck/cardslist/card/?card_id=10443310"
"伝説の幕開け",10151150,"禁約の悪魔","ナイトメア","ブロンズレア","https://shadowverse-wb.com/ja/deck/cardslist/card/?card_id=10151150"
"伝説の幕開け",10154130,"エンドレスハンター・アラガヴィ","ナイトメア","レジェンド","https://shadowverse-wb.com/ja/deck/cardslist/card/?card_id=10154130"
"インフィニティ・エボルヴ",10251110,"シルバーバレット・レイヴン","ナイトメア","ブロンズレア","https://shadowverse-wb.com/ja/deck/cardslist/card/?card_id=10251110"
"インフィニティ・エボルヴ",10254120,"流れ堕つ冥河・カローン","ナイトメア","レジェンド","https://shadowverse-wb.com/ja/deck/cardslist/card/?card_id=10254120"
"絶傑の継承者",10353110,"混融の団結者","ナイトメア","ゴールドレア","https://shadowverse-wb.com/ja/deck/cardslist/card/?card_id=10353110"
"花酔遊戯",10552120,"橋渡しの青鬼","ナイトメア","シルバーレア","https://shadowverse-wb.com/ja/deck/cardslist/card/?card_id=10552120"
"アポカリプス・パクト",10653110,"渇命の破壊者","ナイトメア","ゴールドレア","https://shadowverse-wb.com/ja/deck/cardslist/card/?card_id=10653110"
"蒼空の六竜",10453310,"コラプション","ナイトメア","ゴールドレア","https://shadowverse-wb.com/ja/deck/cardslist/card/?card_id=10453310"
"伝説の幕開け",10161130,"標を与えるレディアンスエンジェル","ビショップ","ブロンズレア","https://shadowverse-wb.com/ja/deck/cardslist/card/?card_id=10161130"
"伝説の幕開け",10164130,"水の守護神・サレファ","ビショップ","レジェンド","https://shadowverse-wb.com/ja/deck/cardslist/card/?card_id=10164130"
"インフィニティ・エボルヴ",10262120,"潔癖の審判者","ビショップ","シルバーレア","https://shadowverse-wb.com/ja/deck/cardslist/card/?card_id=10262120"
"インフィニティ・エボルヴ",10263110,"速断の刃・アニエス","ビショップ","ゴールドレア","https://shadowverse-wb.com/ja/deck/cardslist/card/?card_id=10263110"
"絶傑の継承者",10363110,"安息の団結者","ビショップ","ゴールドレア","https://shadowverse-wb.com/ja/deck/cardslist/card/?card_id=10363110"
"花酔遊戯",10562120,"窮鼠の斎女","ビショップ","シルバーレア","https://shadowverse-wb.com/ja/deck/cardslist/card/?card_id=10562120"
"花酔遊戯",10563110,"威徳の至聖","ビショップ","ゴールドレア","https://shadowverse-wb.com/ja/deck/cardslist/card/?card_id=10563110"
"アポカリプス・パクト",10661110,"崇奉の怯者","ビショップ","ブロンズレア","https://shadowverse-wb.com/ja/deck/cardslist/card/?card_id=10661110"
"ベーシック",10072120,"魔鋼の騎兵","ネメシス","シルバーレア","https://shadowverse-wb.com/ja/deck/cardslist/card/?card_id=10072120"
"伝説の幕開け",10171120,"メタルマーセナリー・ディルク","ネメシス","ブロンズレア","https://shadowverse-wb.com/ja/deck/cardslist/card/?card_id=10171120"
"伝説の幕開け",10173140,"改境の天宮・アルエット","ネメシス","ゴールドレア","https://shadowverse-wb.com/ja/deck/cardslist/card/?card_id=10173140"
"インフィニティ・エボルヴ",10272120,"ディスペアロード・アキム","ネメシス","シルバーレア","https://shadowverse-wb.com/ja/deck/cardslist/card/?card_id=10272120"
"インフィニティ・エボルヴ",10274110,"シンフォニアハート・ツヴァイ","ネメシス","レジェンド","https://shadowverse-wb.com/ja/deck/cardslist/card/?card_id=10274110"
"絶傑の継承者",10372120,"フィールドエンジニア","ネメシス","シルバーレア","https://shadowverse-wb.com/ja/deck/cardslist/card/?card_id=10372120"
"蒼空の六竜",10472110,"轟雷の閃狼・ユーステス","ネメシス","シルバーレア","https://shadowverse-wb.com/ja/deck/cardslist/card/?card_id=10472110"
"蒼空の六竜",10473110,"空慕う帰還者・カシウス","ネメシス","ゴールドレア","https://shadowverse-wb.com/ja/deck/cardslist/card/?card_id=10473110"
"蒼空の六竜",10474110,"光の理・ル・オー","ネメシス","レジェンド","https://shadowverse-wb.com/ja/deck/cardslist/card/?card_id=10474110"
"花酔遊戯",10571120,"満開の技術屋","ネメシス","ブロンズレア","https://shadowverse-wb.com/ja/deck/cardslist/card/?card_id=10571120"
"花酔遊戯",10573110,"ニューロンインタラプター","ネメシス","ゴールドレア","https://shadowverse-wb.com/ja/deck/cardslist/card/?card_id=10573110"
"アポカリプス・パクト",10672110,"拙劣の人形","ネメシス","シルバーレア","https://shadowverse-wb.com/ja/deck/cardslist/card/?card_id=10672110"
"伝説の幕開け",10172320,"改境の再動","ネメシス","シルバーレア","https://shadowverse-wb.com/ja/deck/cardslist/card/?card_id=10172320"
"伝説の幕開け",10173210,"遺産の砲撃","ネメシス","ゴールドレア","https://shadowverse-wb.com/ja/deck/cardslist/card/?card_id=10173210"
"蒼空の六竜",10404110,"天司長の後継・サンダルフォン","ニュートラル","レジェンド","https://shadowverse-wb.com/ja/deck/cardslist/card/?card_id=10404110"
"アポカリプス・パクト",10603110,"闇を彷徨う獣","ニュートラル","ゴールドレア","https://shadowverse-wb.com/ja/deck/cardslist/card/?card_id=10603110"
"伝説の幕開け",10114110,"自然の妖精姫・アリア","エルフ","レジェンド","https://shadowverse-wb.com/ja/deck/cardslist/card/?card_id=10114110"
"インフィニティ・エボルヴ",10212110,"アーデントエルフ・レオネル","エルフ","シルバーレア","https://shadowverse-wb.com/ja/deck/cardslist/card/?card_id=10212110"
"絶傑の継承者",10312110,"不殺の祈祷者","エルフ","シルバーレア","https://shadowverse-wb.com/ja/deck/cardslist/card/?card_id=10312110"
"アポカリプス・パクト",10612120,"ハウリングウルフマン","エルフ","シルバーレア","https://shadowverse-wb.com/ja/deck/cardslist/card/?card_id=10612120"
"伝説の幕開け",10121120,"ピースディーラー・エルネスタ","ロイヤル","ブロンズレア","https://shadowverse-wb.com/ja/deck/cardslist/card/?card_id=10121120"
"伝説の幕開け",10124120,"白銀の騎士団長・エミリア","ロイヤル","レジェンド","https://shadowverse-wb.com/ja/deck/cardslist/card/?card_id=10124120"
"インフィニティ・エボルヴ",10224110,"静寂のアナテマ・ギルダリア","ロイヤル","レジェンド","https://shadowverse-wb.com/ja/deck/cardslist/card/?card_id=10224110"
"絶傑の継承者",10321120,"剣聖の同胞","ロイヤル","ブロンズレア","https://shadowverse-wb.com/ja/deck/cardslist/card/?card_id=10321120"
"絶傑の継承者",10324110,"簒奪の継承者・シンセライズ","ロイヤル","レジェンド","https://shadowverse-wb.com/ja/deck/cardslist/card/?card_id=10324110"
"蒼空の六竜",10422110,"氷心の覇王・アグロヴァル","ロイヤル","シルバーレア","https://shadowverse-wb.com/ja/deck/cardslist/card/?card_id=10422110"
"花酔遊戯",10521110,"喜捨の名士","ロイヤル","ブロンズレア","https://shadowverse-wb.com/ja/deck/cardslist/card/?card_id=10521110"
"花酔遊戯",10522110,"剽疾の武闘家","ロイヤル","シルバーレア","https://shadowverse-wb.com/ja/deck/cardslist/card/?card_id=10522110"
"アポカリプス・パクト",10624110,"凄烈の剣王・ロードノエル四世","ロイヤル","レジェンド","https://shadowverse-wb.com/ja/deck/cardslist/card/?card_id=10624110"
"伝説の幕開け",10132130,"マナリアの学徒・ウィリアム","ウィッチ","シルバーレア","https://shadowverse-wb.com/ja/deck/cardslist/card/?card_id=10132130"
"インフィニティ・エボルヴ",10234120,"アダマントアルケミスト・ノーマン","ウィッチ","レジェンド","https://shadowverse-wb.com/ja/deck/cardslist/card/?card_id=10234120"
"蒼空の六竜",10432110,"復讐の占師・エゼクレイン","ウィッチ","シルバーレア","https://shadowverse-wb.com/ja/deck/cardslist/card/?card_id=10432110"
"花酔遊戯",10531120,"流動の符操師","ウィッチ","ブロンズレア","https://shadowverse-wb.com/ja/deck/cardslist/card/?card_id=10531120"
"花酔遊戯",10532120,"余情の俳人","ウィッチ","シルバーレア","https://shadowverse-wb.com/ja/deck/cardslist/card/?card_id=10532120"
"アポカリプス・パクト",10631120,"空想の司書","ウィッチ","ブロンズレア","https://shadowverse-wb.com/ja/deck/cardslist/card/?card_id=10631120"
"ベーシック",10041120,"戦斧の竜殺し","ドラゴン","ブロンズレア","https://shadowverse-wb.com/ja/deck/cardslist/card/?card_id=10041120"
"伝説の幕開け",10142110,"煌牙の義勇・キット","ドラゴン","シルバーレア","https://shadowverse-wb.com/ja/deck/cardslist/card/?card_id=10142110"
"伝説の幕開け",10143130,"荒波のドラグーン・ザハール","ドラゴン","ゴールドレア","https://shadowverse-wb.com/ja/deck/cardslist/card/?card_id=10143130"
"伝説の幕開け",10144120,"覇道の竜翼・フォルテ","ドラゴン","レジェンド","https://shadowverse-wb.com/ja/deck/cardslist/card/?card_id=10144120"
"絶傑の継承者",10341120,"吹雪のドラゴニュート","ドラゴン","ブロンズレア","https://shadowverse-wb.com/ja/deck/cardslist/card/?card_id=10341120"
"絶傑の継承者",10343110,"侮蔑の団結者","ドラゴン","ゴールドレア","https://shadowverse-wb.com/ja/deck/cardslist/card/?card_id=10343110"
"花酔遊戯",10541120,"雫の囃子方","ドラゴン","ブロンズレア","https://shadowverse-wb.com/ja/deck/cardslist/card/?card_id=10541120"
"アポカリプス・パクト",10643110,"遮断の竜闘士","ドラゴン","ゴールドレア","https://shadowverse-wb.com/ja/deck/cardslist/card/?card_id=10643110"
"伝説の幕開け",10141310,"ディザスターブレス","ドラゴン","ブロンズレア","https://shadowverse-wb.com/ja/deck/cardslist/card/?card_id=10141310"
"インフィニティ・エボルヴ",10243310,"ドラゴニックストライク","ドラゴン","ゴールドレア","https://shadowverse-wb.com/ja/deck/cardslist/card/?card_id=10243310"
"ベーシック",10051110,"ウルフマスター","ナイトメア","ブロンズレア","https://shadowverse-wb.com/ja/deck/cardslist/card/?card_id=10051110"
"伝説の幕開け",10151140,"ジャグリングゴースト","ナイトメア","ブロンズレア","https://shadowverse-wb.com/ja/deck/cardslist/card/?card_id=10151140"
"インフィニティ・エボルヴ",10252120,"コープスソルジャー","ナイトメア","シルバーレア","https://shadowverse-wb.com/ja/deck/cardslist/card/?card_id=10252120"
"蒼空の六竜",10451120,"不屈の鋭刃・バザラガ","ナイトメア","ブロンズレア","https://shadowverse-wb.com/ja/deck/cardslist/card/?card_id=10451120"
"蒼空の六竜",10452110,"覇空の武神・ナタク","ナイトメア","シルバーレア","https://shadowverse-wb.com/ja/deck/cardslist/card/?card_id=10452110"
"蒼空の六竜",10453110,"生滅の技巧・ネハン","ナイトメア","ゴールドレア","https://shadowverse-wb.com/ja/deck/cardslist/card/?card_id=10453110"
"花酔遊戯",10554110,"充つ《恋人と節制》・ミルティオ＆ルーゼン","ナイトメア","レジェンド","https://shadowverse-wb.com/ja/deck/cardslist/card/?card_id=10554110"
"ベーシック",10061110,"癒しのシスター","ビショップ","ブロンズレア","https://shadowverse-wb.com/ja/deck/cardslist/card/?card_id=10061110"
"伝説の幕開け",10163110,"終焉のスカルフェイン","ビショップ","ゴールドレア","https://shadowverse-wb.com/ja/deck/cardslist/card/?card_id=10163110"
"インフィニティ・エボルヴ",10264120,"嗚咽の聖騎士・ウィルバート","ビショップ","レジェンド","https://shadowverse-wb.com/ja/deck/cardslist/card/?card_id=10264120"
"絶傑の継承者",10364110,"安息の継承者・ヒメカ","ビショップ","レジェンド","https://shadowverse-wb.com/ja/deck/cardslist/card/?card_id=10364110"
"アポカリプス・パクト",10662120,"ペガサスの乗り手","ビショップ","シルバーレア","https://shadowverse-wb.com/ja/deck/cardslist/card/?card_id=10662120"
"アポカリプス・パクト",10663110,"崇拝の聖騎士","ビショップ","ゴールドレア","https://shadowverse-wb.com/ja/deck/cardslist/card/?card_id=10663110"
"伝説の幕開け",10161310,"フェザーレイン","ビショップ","ブロンズレア","https://shadowverse-wb.com/ja/deck/cardslist/card/?card_id=10161310"
"伝説の幕開け",10163220,"邪教の器","ビショップ","ゴールドレア","https://shadowverse-wb.com/ja/deck/cardslist/card/?card_id=10163220"
"ベーシック",10071130,"獣性の鉄人","ネメシス","ブロンズレア","https://shadowverse-wb.com/ja/deck/cardslist/card/?card_id=10071130"
"伝説の幕開け",10172130,"殺意の糸・ノア","ネメシス","シルバーレア","https://shadowverse-wb.com/ja/deck/cardslist/card/?card_id=10172130"
"伝説の幕開け",10173120,"箱庭の断罪者・シルヴィア","ネメシス","ゴールドレア","https://shadowverse-wb.com/ja/deck/cardslist/card/?card_id=10173120"
"インフィニティ・エボルヴ",10271110,"エンジンブレイダー","ネメシス","ブロンズレア","https://shadowverse-wb.com/ja/deck/cardslist/card/?card_id=10271110"
"インフィニティ・エボルヴ",10274120,"マインドアーツ・カルラ","ネメシス","レジェンド","https://shadowverse-wb.com/ja/deck/cardslist/card/?card_id=10274120"
"絶傑の継承者",10373110,"破壊の団結者","ネメシス","ゴールドレア","https://shadowverse-wb.com/ja/deck/cardslist/card/?card_id=10373110"
"アポカリプス・パクト",10671110,"低劣の玩具","ネメシス","ブロンズレア","https://shadowverse-wb.com/ja/deck/cardslist/card/?card_id=10671110"
"アポカリプス・パクト",10671120,"ブライトクリエイター","ネメシス","ブロンズレア","https://shadowverse-wb.com/ja/deck/cardslist/card/?card_id=10671120"
"インフィニティ・エボルヴ",10273310,"心有る共闘","ネメシス","ゴールドレア","https://shadowverse-wb.com/ja/deck/cardslist/card/?card_id=10273310"
"蒼空の六竜",10473310,"ケイオス・レギオン","ネメシス","ゴールドレア","https://shadowverse-wb.com/ja/deck/cardslist/card/?card_id=10473310"
"アポカリプス・パクト",10672310,"凡百の製図","ネメシス","シルバーレア","https://shadowverse-wb.com/ja/deck/cardslist/card/?card_id=10672310"
"ベーシック",10002120,"キャラバンマンモス","ニュートラル","シルバーレア","https://shadowverse-wb.com/ja/deck/cardslist/card/?card_id=10002120"
"伝説の幕開け",10104110,"勇壮の堕天使・オリヴィエ","ニュートラル","レジェンド","https://shadowverse-wb.com/ja/deck/cardslist/card/?card_id=10104110"
"インフィニティ・エボルヴ",10203110,"絆の天使・レイナ","ニュートラル","ゴールドレア","https://shadowverse-wb.com/ja/deck/cardslist/card/?card_id=10203110"
"インフィニティ・エボルヴ",10204110,"運命の黄昏・オーディン","ニュートラル","レジェンド","https://shadowverse-wb.com/ja/deck/cardslist/card/?card_id=10204110"
"ベーシック",10012120,"ソニックアーチャー・セルウィン","エルフ","シルバーレア","https://shadowverse-wb.com/ja/deck/cardslist/card/?card_id=10012120"
"伝説の幕開け",10112110,"フロストクリスタリア・エリン","エルフ","シルバーレア","https://shadowverse-wb.com/ja/deck/cardslist/card/?card_id=10112110"
"インフィニティ・エボルヴ",10214120,"絡み付く密林・リマーガ","エルフ","レジェンド","https://shadowverse-wb.com/ja/deck/cardslist/card/?card_id=10214120"
"蒼空の六竜",10411110,"愛憎の舞手・コウ＆ヨウ","エルフ","ブロンズレア","https://shadowverse-wb.com/ja/deck/cardslist/card/?card_id=10411110"
"インフィニティ・エボルヴ",10211310,"森の行進","エルフ","ブロンズレア","https://shadowverse-wb.com/ja/deck/cardslist/card/?card_id=10211310"
"アポカリプス・パクト",10611310,"天槍授与","エルフ","ブロンズレア","https://shadowverse-wb.com/ja/deck/cardslist/card/?card_id=10611310"
"伝説の幕開け",10123110,"レヴィオンアックス・ジェノ","ロイヤル","ゴールドレア","https://shadowverse-wb.com/ja/deck/cardslist/card/?card_id=10123110"
"蒼空の六竜",10423110,"真王の刃・黄金の騎士","ロイヤル","ゴールドレア","https://shadowverse-wb.com/ja/deck/cardslist/card/?card_id=10423110"
"花酔遊戯",10522120,"吉祥蛙","ロイヤル","シルバーレア","https://shadowverse-wb.com/ja/deck/cardslist/card/?card_id=10522120"
"伝説の幕開け",10123310,"テンタクルバイト","ロイヤル","ゴールドレア","https://shadowverse-wb.com/ja/deck/cardslist/card/?card_id=10123310"
"伝説の幕開け",10134110,"五行の果て・クオン","ウィッチ","レジェンド","https://shadowverse-wb.com/ja/deck/cardslist/card/?card_id=10134110"
"花酔遊戯",10533110,"エレメンタルガバナー","ウィッチ","ゴールドレア","https://shadowverse-wb.com/ja/deck/cardslist/card/?card_id=10533110"
"伝説の幕開け",10133320,"鬼呼びの術","ウィッチ","ゴールドレア","https://shadowverse-wb.com/ja/deck/cardslist/card/?card_id=10133320"
"蒼空の六竜",10431310,"ルーン・リチュオル","ウィッチ","ブロンズレア","https://shadowverse-wb.com/ja/deck/cardslist/card/?card_id=10431310"
"花酔遊戯",10533310,"壮美なる明越花","ウィッチ","ゴールドレア","https://shadowverse-wb.com/ja/deck/cardslist/card/?card_id=10533310"
"伝説の幕開け",10144110,"灼熱のアナテマ・バーンドナイト","ドラゴン","レジェンド","https://shadowverse-wb.com/ja/deck/cardslist/card/?card_id=10144110"
"インフィニティ・エボルヴ",10243110,"蒼海の裁き・ネプチューン","ドラゴン","ゴールドレア","https://shadowverse-wb.com/ja/deck/cardslist/card/?card_id=10243110"
"蒼空の六竜",10444110,"炎の理・ウィルナス","ドラゴン","レジェンド","https://shadowverse-wb.com/ja/deck/cardslist/card/?card_id=10444110"
"花酔遊戯",10543110,"ルインジェノサイダー","ドラゴン","ゴールドレア","https://shadowverse-wb.com/ja/deck/cardslist/card/?card_id=10543110"
"アポカリプス・パクト",10644110,"断頭の斬姫・サガツマツ","ドラゴン","レジェンド","https://shadowverse-wb.com/ja/deck/cardslist/card/?card_id=10644110"
"アポカリプス・パクト",10643310,"断頭の天刀","ドラゴン","ゴールドレア","https://shadowverse-wb.com/ja/deck/cardslist/card/?card_id=10643310"
"伝説の幕開け",10154120,"猛毒姫・メドゥーサ","ナイトメア","レジェンド","https://shadowverse-wb.com/ja/deck/cardslist/card/?card_id=10154120"
"絶傑の継承者",10354120,"絶叫と愛絶の顕現・ルルナイ＆ヴァーナレク","ナイトメア","レジェンド","https://shadowverse-wb.com/ja/deck/cardslist/card/?card_id=10354120"
"蒼空の六竜",10454110,"闇の理・フェディエル","ナイトメア","レジェンド","https://shadowverse-wb.com/ja/deck/cardslist/card/?card_id=10454110"
"蒼空の六竜",10454120,"狡知の堕天司・ベリアル","ナイトメア","レジェンド","https://shadowverse-wb.com/ja/deck/cardslist/card/?card_id=10454120"
"アポカリプス・パクト",10652310,"『最強』の魅惑","ナイトメア","シルバーレア","https://shadowverse-wb.com/ja/deck/cardslist/card/?card_id=10652310"
"伝説の幕開け",10162130,"大地の守護神・ミーヴェ","ビショップ","シルバーレア","https://shadowverse-wb.com/ja/deck/cardslist/card/?card_id=10162130"
"伝説の幕開け",10164110,"裁決のアナテマ・ロデオ","ビショップ","レジェンド","https://shadowverse-wb.com/ja/deck/cardslist/card/?card_id=10164110"
"伝説の幕開け",10164120,"純白の聖女・ジャンヌ","ビショップ","レジェンド","https://shadowverse-wb.com/ja/deck/cardslist/card/?card_id=10164120"
"インフィニティ・エボルヴ",10264110,"天の守護神・アイテール","ビショップ","レジェンド","https://shadowverse-wb.com/ja/deck/cardslist/card/?card_id=10264110"
"花酔遊戯",10564120,"霧巻花・クキシロ","ビショップ","レジェンド","https://shadowverse-wb.com/ja/deck/cardslist/card/?card_id=10564120"
"絶傑の継承者",10371120,"音速の飛行兵","ネメシス","ブロンズレア","https://shadowverse-wb.com/ja/deck/cardslist/card/?card_id=10371120"
"蒼空の六竜",10472120,"厳烈なる教官・イルザ","ネメシス","シルバーレア","https://shadowverse-wb.com/ja/deck/cardslist/card/?card_id=10472120"
"アポカリプス・パクト",10674110,"劣悪の純心・カミシラ","ネメシス","レジェンド","https://shadowverse-wb.com/ja/deck/cardslist/card/?card_id=10674110"
"花酔遊戯",10504110,"八界花・ゲテンオウ","ニュートラル","レジェンド","https://shadowverse-wb.com/ja/deck/cardslist/card/?card_id=10504110"
"伝説の幕開け",10111130,"深奥のフェアリービースト","エルフ","ブロンズレア","https://shadowverse-wb.com/ja/deck/cardslist/card/?card_id=10111130"
"伝説の幕開け",10113130,"煌撃の戦士・ベイル","エルフ","ゴールドレア","https://shadowverse-wb.com/ja/deck/cardslist/card/?card_id=10113130"
"絶傑の継承者",10314120,"絶命の顕現・エズディア","エルフ","レジェンド","https://shadowverse-wb.com/ja/deck/cardslist/card/?card_id=10314120"
"アポカリプス・パクト",10614110,"慈愛の凛華・オルテニア","エルフ","レジェンド","https://shadowverse-wb.com/ja/deck/cardslist/card/?card_id=10614110"
"ベーシック",10021130,"ケンタウロスの騎士","ロイヤル","ブロンズレア","https://shadowverse-wb.com/ja/deck/cardslist/card/?card_id=10021130"
"伝説の幕開け",10123140,"煌刃の勇者・アマリア","ロイヤル","ゴールドレア","https://shadowverse-wb.com/ja/deck/cardslist/card/?card_id=10123140"
"インフィニティ・エボルヴ",10224120,"レヴィオンの超越者・ユリウス","ロイヤル","レジェンド","https://shadowverse-wb.com/ja/deck/cardslist/card/?card_id=10224120"
"アポカリプス・パクト",10622120,"キャットネイビー","ロイヤル","シルバーレア","https://shadowverse-wb.com/ja/deck/cardslist/card/?card_id=10622120"
"インフィニティ・エボルヴ",10234110,"暴食のアナテマ・ララアンセム","ウィッチ","レジェンド","https://shadowverse-wb.com/ja/deck/cardslist/card/?card_id=10234110"
"伝説の幕開け",10132320,"スノーアウェイク","ウィッチ","シルバーレア","https://shadowverse-wb.com/ja/deck/cardslist/card/?card_id=10132320"
"ベーシック",10041130,"シャークソルジャー","ドラゴン","ブロンズレア","https://shadowverse-wb.com/ja/deck/cardslist/card/?card_id=10041130"
"伝説の幕開け",10141110,"雲海の騎竜兵","ドラゴン","ブロンズレア","https://shadowverse-wb.com/ja/deck/cardslist/card/?card_id=10141110"
"伝説の幕開け",10144130,"龍人演義・ガリュウ","ドラゴン","レジェンド","https://shadowverse-wb.com/ja/deck/cardslist/card/?card_id=10144130"
"インフィニティ・エボルヴ",10244120,"絢爛なる鳳凰・ほーちゃん","ドラゴン","レジェンド","https://shadowverse-wb.com/ja/deck/cardslist/card/?card_id=10244120"
"蒼空の六竜",10442120,"純朴の鋼体・ムゲン","ドラゴン","シルバーレア","https://shadowverse-wb.com/ja/deck/cardslist/card/?card_id=10442120"
"花酔遊戯",10542110,"鉄槌のドラグーン","ドラゴン","シルバーレア","https://shadowverse-wb.com/ja/deck/cardslist/card/?card_id=10542110"
"アポカリプス・パクト",10642120,"スパイクドラゴン","ドラゴン","シルバーレア","https://shadowverse-wb.com/ja/deck/cardslist/card/?card_id=10642120"
"伝説の幕開け",10152140,"串刺し公・ヴラド","ナイトメア","シルバーレア","https://shadowverse-wb.com/ja/deck/cardslist/card/?card_id=10152140"
"伝説の幕開け",10154110,"奔放なる獄炎・ケルベロス","ナイトメア","レジェンド","https://shadowverse-wb.com/ja/deck/cardslist/card/?card_id=10154110"
"絶傑の継承者",10351120,"泡沫の鬼姫","ナイトメア","ブロンズレア","https://shadowverse-wb.com/ja/deck/cardslist/card/?card_id=10351120"
"ベーシック",10062120,"セイクリッドグリフォン","ビショップ","シルバーレア","https://shadowverse-wb.com/ja/deck/cardslist/card/?card_id=10062120"
"伝説の幕開け",10163130,"大いなる熾天使・ラピス","ビショップ","ゴールドレア","https://shadowverse-wb.com/ja/deck/cardslist/card/?card_id=10163130"
"蒼空の六竜",10464120,"威容なる星晶騎士・ヴィーラ","ビショップ","レジェンド","https://shadowverse-wb.com/ja/deck/cardslist/card/?card_id=10464120"
"花酔遊戯",10562110,"イムーバブルパラディン","ビショップ","シルバーレア","https://shadowverse-wb.com/ja/deck/cardslist/card/?card_id=10562110"
"伝説の幕開け",10174120,"プロシードハート・オーキス","ネメシス","レジェンド","https://shadowverse-wb.com/ja/deck/cardslist/card/?card_id=10174120"
"伝説の幕開け",10174130,"ブーストエクステンド・ララミア","ネメシス","レジェンド","https://shadowverse-wb.com/ja/deck/cardslist/card/?card_id=10174130"
"アポカリプス・パクト",10673110,"愚劣の兵器","ネメシス","ゴールドレア","https://shadowverse-wb.com/ja/deck/cardslist/card/?card_id=10673110"
"アポカリプス・パクト",10604110,"畏怖の象徴・オメガオテプ","ニュートラル","レジェンド","https://shadowverse-wb.com/ja/deck/cardslist/card/?card_id=10604110"
"伝説の幕開け",10114120,"豊麗なるローズクイーン","エルフ","レジェンド","https://shadowverse-wb.com/ja/deck/cardslist/card/?card_id=10114120"
"絶傑の継承者",10313110,"不殺の団結者","エルフ","ゴールドレア","https://shadowverse-wb.com/ja/deck/cardslist/card/?card_id=10313110"
"花酔遊戯",10524110,"猛る《戦車》・オルオーン","ロイヤル","レジェンド","https://shadowverse-wb.com/ja/deck/cardslist/card/?card_id=10524110"
"絶傑の継承者",10334120,"絶尽の顕現・ライオ","ウィッチ","レジェンド","https://shadowverse-wb.com/ja/deck/cardslist/card/?card_id=10334120"
"伝説の幕開け",10143140,"ナイトフォールドラゴン","ドラゴン","ゴールドレア","https://shadowverse-wb.com/ja/deck/cardslist/card/?card_id=10143140"
"絶傑の継承者",10344110,"侮蔑の継承者・アジュラフリート","ドラゴン","レジェンド","https://shadowverse-wb.com/ja/deck/cardslist/card/?card_id=10344110"
"インフィニティ・エボルヴ",10254110,"双輪夜行・ギンセツ＆ユヅキ","ナイトメア","レジェンド","https://shadowverse-wb.com/ja/deck/cardslist/card/?card_id=10254110"
"花酔遊戯",10553110,"フェイタルテイカー","ナイトメア","ゴールドレア","https://shadowverse-wb.com/ja/deck/cardslist/card/?card_id=10553110"
"アポカリプス・パクト",10654110,"枯渇の神魔・アルメス","ナイトメア","レジェンド","https://shadowverse-wb.com/ja/deck/cardslist/card/?card_id=10654110"
"アポカリプス・パクト",10664120,"旧き天書・リアントース","ビショップ","レジェンド","https://shadowverse-wb.com/ja/deck/cardslist/card/?card_id=10664120"
"伝説の幕開け",10173130,"狂気の創造者・リーアム","ネメシス","ゴールドレア","https://shadowverse-wb.com/ja/deck/cardslist/card/?card_id=10173130"
"蒼空の六竜",10474120,"全一の王・ベルゼバブ","ネメシス","レジェンド","https://shadowverse-wb.com/ja/deck/cardslist/card/?card_id=10474120"
"伝説の幕開け",10104120,"最果ての罪・サタン","ニュートラル","レジェンド","https://shadowverse-wb.com/ja/deck/cardslist/card/?card_id=10104120"
"ベーシック",10032120,"ブレイズデストロイヤー","ウィッチ","シルバーレア","https://shadowverse-wb.com/ja/deck/cardslist/card/?card_id=10032120"
"花酔遊戯",10534120,"明越花・アラ","ウィッチ","レジェンド","https://shadowverse-wb.com/ja/deck/cardslist/card/?card_id=10534120"
"アポカリプス・パクト",10634120,"旧き天晶・カルギデンスラ","ウィッチ","レジェンド","https://shadowverse-wb.com/ja/deck/cardslist/card/?card_id=10634120"
"伝説の幕開け",10143110,"再臨のジェネシスドラゴン","ドラゴン","ゴールドレア","https://shadowverse-wb.com/ja/deck/cardslist/card/?card_id=10143110"
"インフィニティ・エボルヴ",10241110,"庇護の知竜","ドラゴン","ブロンズレア","https://shadowverse-wb.com/ja/deck/cardslist/card/?card_id=10241110"
"花酔遊戯",10544110,"律する《正義》・イランツァ","ドラゴン","レジェンド","https://shadowverse-wb.com/ja/deck/cardslist/card/?card_id=10544110"
"花酔遊戯",10554120,"奥夜花・シャクドウ","ナイトメア","レジェンド","https://shadowverse-wb.com/ja/deck/cardslist/card/?card_id=10554120"
"伝説の幕開け",10134310,"オーバーディメンション","ウィッチ","レジェンド","https://shadowverse-wb.com/ja/deck/cardslist/card/?card_id=10134310"
"伝説の幕開け",10111110,"舞い踊る妖精","エルフ","ブロンズレア","https://shadowverse-wb.com/ja/deck/cardslist/card/?card_id=10111110"
"伝説の幕開け",10112130,"ベビーカーバンクル","エルフ","シルバーレア","https://shadowverse-wb.com/ja/deck/cardslist/card/?card_id=10112130"
"伝説の幕開け",10113110,"ピュアクリスタリア・リリィ","エルフ","ゴールドレア","https://shadowverse-wb.com/ja/deck/cardslist/card/?card_id=10113110"
"インフィニティ・エボルヴ",10212120,"フェアリーフェンサー","エルフ","シルバーレア","https://shadowverse-wb.com/ja/deck/cardslist/card/?card_id=10212120"
"絶傑の継承者",10311110,"不殺の肯定者","エルフ","ブロンズレア","https://shadowverse-wb.com/ja/deck/cardslist/card/?card_id=10311110"
"絶傑の継承者",10311120,"妖精剣の担い手","エルフ","ブロンズレア","https://shadowverse-wb.com/ja/deck/cardslist/card/?card_id=10311120"
"蒼空の六竜",10412110,"美粧の乙女・クロエ","エルフ","シルバーレア","https://shadowverse-wb.com/ja/deck/cardslist/card/?card_id=10412110"
"蒼空の六竜",10414110,"風の理・イーウィヤ","エルフ","レジェンド","https://shadowverse-wb.com/ja/deck/cardslist/card/?card_id=10414110"
"花酔遊戯",10511110,"賢慮の狸","エルフ","ブロンズレア","https://shadowverse-wb.com/ja/deck/cardslist/card/?card_id=10511110"
"花酔遊戯",10512110,"バディングバディーズ","エルフ","シルバーレア","https://shadowverse-wb.com/ja/deck/cardslist/card/?card_id=10512110"
"花酔遊戯",10514110,"天踏む《吊るされた男》・ローフラッド","エルフ","レジェンド","https://shadowverse-wb.com/ja/deck/cardslist/card/?card_id=10514110"
"アポカリプス・パクト",10612110,"慈顔の担い手","エルフ","シルバーレア","https://shadowverse-wb.com/ja/deck/cardslist/card/?card_id=10612110"
"インフィニティ・エボルヴ",10213310,"花園の導き","エルフ","ゴールドレア","https://shadowverse-wb.com/ja/deck/cardslist/card/?card_id=10213310"
"絶傑の継承者",10311310,"野生の猛襲","エルフ","ブロンズレア","https://shadowverse-wb.com/ja/deck/cardslist/card/?card_id=10311310"
"蒼空の六竜",10411310,"箒星","エルフ","ブロンズレア","https://shadowverse-wb.com/ja/deck/cardslist/card/?card_id=10411310"
"蒼空の六竜",10413310,"アルフヘイム","エルフ","ゴールドレア","https://shadowverse-wb.com/ja/deck/cardslist/card/?card_id=10413310"
"花酔遊戯",10511310,"虫風花の飛翔","エルフ","ブロンズレア","https://shadowverse-wb.com/ja/deck/cardslist/card/?card_id=10511310"
"ベーシック",10011210,"繚乱の庭","エルフ","ブロンズレア","https://shadowverse-wb.com/ja/deck/cardslist/card/?card_id=10011210"
"伝説の幕開け",10112210,"燐光の岩","エルフ","シルバーレア","https://shadowverse-wb.com/ja/deck/cardslist/card/?card_id=10112210"
"ベーシック",10022110,"王家の御者","ロイヤル","シルバーレア","https://shadowverse-wb.com/ja/deck/cardslist/card/?card_id=10022110"
"伝説の幕開け",10121150,"異端の侍","ロイヤル","ブロンズレア","https://shadowverse-wb.com/ja/deck/cardslist/card/?card_id=10121150"
"伝説の幕開け",10122130,"勇猛のルミナスランサー","ロイヤル","シルバーレア","https://shadowverse-wb.com/ja/deck/cardslist/card/?card_id=10122130"
"伝説の幕開け",10122140,"忍びのムササビ","ロイヤル","シルバーレア","https://shadowverse-wb.com/ja/deck/cardslist/card/?card_id=10122140"
"インフィニティ・エボルヴ",10221110,"トリガーメイド・セリエ","ロイヤル","ブロンズレア","https://shadowverse-wb.com/ja/deck/cardslist/card/?card_id=10221110"
"インフィニティ・エボルヴ",10223120,"休日の王女・プリム","ロイヤル","ゴールドレア","https://shadowverse-wb.com/ja/deck/cardslist/card/?card_id=10223120"
"絶傑の継承者",10321110,"簒奪の肯定者","ロイヤル","ブロンズレア","https://shadowverse-wb.com/ja/deck/cardslist/card/?card_id=10321110"
"絶傑の継承者",10322110,"簒奪の祈祷者","ロイヤル","シルバーレア","https://shadowverse-wb.com/ja/deck/cardslist/card/?card_id=10322110"
"蒼空の六竜",10421110,"信念の蹴撃・ランドル","ロイヤル","ブロンズレア","https://shadowverse-wb.com/ja/deck/cardslist/card/?card_id=10421110"
"アポカリプス・パクト",10621110,"勇烈の兵士","ロイヤル","ブロンズレア","https://shadowverse-wb.com/ja/deck/cardslist/card/?card_id=10621110"
"アポカリプス・パクト",10624120,"旧き天剣・イドメタ","ロイヤル","レジェンド","https://shadowverse-wb.com/ja/deck/cardslist/card/?card_id=10624120"
"ベーシック",10021310,"メイドの作法","ロイヤル","ブロンズレア","https://shadowverse-wb.com/ja/deck/cardslist/card/?card_id=10021310"
"インフィニティ・エボルヴ",10221310,"商談成立","ロイヤル","ブロンズレア","https://shadowverse-wb.com/ja/deck/cardslist/card/?card_id=10221310"
"インフィニティ・エボルヴ",10222310,"三将姫の乱撃","ロイヤル","シルバーレア","https://shadowverse-wb.com/ja/deck/cardslist/card/?card_id=10222310"
"絶傑の継承者",10321310,"シールドバッシュ","ロイヤル","ブロンズレア","https://shadowverse-wb.com/ja/deck/cardslist/card/?card_id=10321310"
"絶傑の継承者",10323310,"返還の剣閃","ロイヤル","ゴールドレア","https://shadowverse-wb.com/ja/deck/cardslist/card/?card_id=10323310"
"花酔遊戯",10521310,"麗金花の散財","ロイヤル","ブロンズレア","https://shadowverse-wb.com/ja/deck/cardslist/card/?card_id=10521310"
"花酔遊戯",10522310,"優しき援軍","ロイヤル","シルバーレア","https://shadowverse-wb.com/ja/deck/cardslist/card/?card_id=10522310"
"伝説の幕開け",10131120,"見習い占星術師","ウィッチ","ブロンズレア","https://shadowverse-wb.com/ja/deck/cardslist/card/?card_id=10131120"
"伝説の幕開け",10132110,"アドラブルティーチャー・ミラ","ウィッチ","シルバーレア","https://shadowverse-wb.com/ja/deck/cardslist/card/?card_id=10132110"
"伝説の幕開け",10133120,"魔法の薬剤師・ペネロピー","ウィッチ","ゴールドレア","https://shadowverse-wb.com/ja/deck/cardslist/card/?card_id=10133120"
"インフィニティ・エボルヴ",10231110,"憧憬の魔女・メルヴィ","ウィッチ","ブロンズレア","https://shadowverse-wb.com/ja/deck/cardslist/card/?card_id=10231110"
"インフィニティ・エボルヴ",10231120,"魔導の司書","ウィッチ","ブロンズレア","https://shadowverse-wb.com/ja/deck/cardslist/card/?card_id=10231120"
"絶傑の継承者",10331110,"真実の肯定者","ウィッチ","ブロンズレア","https://shadowverse-wb.com/ja/deck/cardslist/card/?card_id=10331110"
"絶傑の継承者",10334110,"真実の継承者・ヴェハリヤー","ウィッチ","レジェンド","https://shadowverse-wb.com/ja/deck/cardslist/card/?card_id=10334110"
"ベーシック",10031320,"真理の召喚","ウィッチ","ブロンズレア","https://shadowverse-wb.com/ja/deck/cardslist/card/?card_id=10031320"
"伝説の幕開け",10131310,"虹の奇跡","ウィッチ","ブロンズレア","https://shadowverse-wb.com/ja/deck/cardslist/card/?card_id=10131310"
"インフィニティ・エボルヴ",10233310,"パメラの舞踏","ウィッチ","ゴールドレア","https://shadowverse-wb.com/ja/deck/cardslist/card/?card_id=10233310"
"絶傑の継承者",10333310,"虚偽の術式","ウィッチ","ゴールドレア","https://shadowverse-wb.com/ja/deck/cardslist/card/?card_id=10333310"
"蒼空の六竜",10433310,"アルケミック・フレア","ウィッチ","ゴールドレア","https://shadowverse-wb.com/ja/deck/cardslist/card/?card_id=10433310"
"花酔遊戯",10531310,"明越花の転変","ウィッチ","ブロンズレア","https://shadowverse-wb.com/ja/deck/cardslist/card/?card_id=10531310"
"アポカリプス・パクト",10631310,"天晶授与","ウィッチ","ブロンズレア","https://shadowverse-wb.com/ja/deck/cardslist/card/?card_id=10631310"
"ベーシック",10041110,"烈火のファイアリザード","ドラゴン","ブロンズレア","https://shadowverse-wb.com/ja/deck/cardslist/card/?card_id=10041110"
"伝説の幕開け",10141140,"竜育の少女","ドラゴン","ブロンズレア","https://shadowverse-wb.com/ja/deck/cardslist/card/?card_id=10141140"
"インフィニティ・エボルヴ",10242110,"宿願のドラゴニュートプリンセス","ドラゴン","シルバーレア","https://shadowverse-wb.com/ja/deck/cardslist/card/?card_id=10242110"
"インフィニティ・エボルヴ",10244110,"銀氷の竜少女・フィルレイン","ドラゴン","レジェンド","https://shadowverse-wb.com/ja/deck/cardslist/card/?card_id=10244110"
"絶傑の継承者",10341110,"侮蔑の肯定者","ドラゴン","ブロンズレア","https://shadowverse-wb.com/ja/deck/cardslist/card/?card_id=10341110"
"蒼空の六竜",10441120,"メグの親友・まりっぺ","ドラゴン","ブロンズレア","https://shadowverse-wb.com/ja/deck/cardslist/card/?card_id=10441120"
"花酔遊戯",10541110,"湧水の汲み手","ドラゴン","ブロンズレア","https://shadowverse-wb.com/ja/deck/cardslist/card/?card_id=10541110"
"花酔遊戯",10542120,"クラゲの舞姫","ドラゴン","シルバーレア","https://shadowverse-wb.com/ja/deck/cardslist/card/?card_id=10542120"
"アポカリプス・パクト",10641120,"完熟の海魚","ドラゴン","ブロンズレア","https://shadowverse-wb.com/ja/deck/cardslist/card/?card_id=10641120"
